#
# There is insufficient memory for the Java Runtime Environment to continue.
# Native memory allocation (malloc) failed to allocate 1659376 bytes. Error detail: Chunk::new
# Possible reasons:
#   The system is out of physical RAM or swap space
#   This process is running with CompressedOops enabled, and the Java Heap may be blocking the growth of the native heap
# Possible solutions:
#   Reduce memory load on the system
#   Increase physical memory or swap space
#   Check if swap backing store is full
#   Decrease Java heap size (-Xmx/-Xms)
#   Decrease number of Java threads
#   Decrease Java thread stack sizes (-Xss)
#   Set larger code cache with -XX:ReservedCodeCacheSize=
#   JVM is running with Unscaled Compressed Oops mode in which the Java heap is
#     placed in the first 4GB address space. The Java Heap base address is the
#     maximum limit for the native heap growth. Please use -XX:HeapBaseMinAddress
#     to set the Java Heap base and to place the Java Heap above 4GB virtual address.
# This output file may be truncated or incomplete.
#
#  Out of Memory Error (arena.cpp:191), pid=2960, tid=18216
#
# JRE version: OpenJDK Runtime Environment Temurin-17.0.20+8 (17.0.20+8) (build 17.0.20+8)
# Java VM: OpenJDK 64-Bit Server VM Temurin-17.0.20+8 (17.0.20+8, mixed mode, sharing, tiered, compressed oops, compressed class ptrs, g1 gc, windows-amd64)
# No core dump will be written. Minidumps are not enabled by default on client versions of Windows
#

---------------  S U M M A R Y ------------

Command Line: --add-opens=java.base/java.lang=ALL-UNNAMED --add-opens=java.base/java.lang.invoke=ALL-UNNAMED --add-opens=java.base/java.util=ALL-UNNAMED --add-opens=java.prefs/java.util.prefs=ALL-UNNAMED --add-exports=jdk.compiler/com.sun.tools.javac.api=ALL-UNNAMED --add-exports=jdk.compiler/com.sun.tools.javac.util=ALL-UNNAMED --add-opens=java.base/java.util=ALL-UNNAMED --add-opens=java.prefs/java.util.prefs=ALL-UNNAMED --add-opens=java.base/java.nio.charset=ALL-UNNAMED --add-opens=java.base/java.net=ALL-UNNAMED --add-opens=java.base/java.util.concurrent=ALL-UNNAMED --add-opens=java.base/java.util.concurrent.atomic=ALL-UNNAMED --add-opens=java.xml/javax.xml.namespace=ALL-UNNAMED --add-opens=java.base/java.time=ALL-UNNAMED -XX:MaxMetaspaceSize=512m -Xmx2048m -Dfile.encoding=windows-1252 -Duser.country=US -Duser.language=en -Duser.variant -javaagent:C:\Users\dell\.gradle\wrapper\dists\gradle-9.3.1-bin\23ovyewtku6u96viwx3xl3oks\gradle-9.3.1\lib\agents\gradle-instrumentation-agent-9.3.1.jar org.gradle.launcher.daemon.bootstrap.GradleDaemon 9.3.1

Host: Intel(R) Core(TM) i7-10610U CPU @ 1.80GHz, 8 cores, 15G,  Windows 11 , 64 bit Build 26100 (10.0.26100.9168)
Time: Wed Aug 19 19:48:15 2026 India Standard Time elapsed time: 127.996668 seconds (0d 0h 2m 7s)

---------------  T H R E A D  ---------------

Current thread (0x000001f21f12ddb0):  JavaThread "C2 CompilerThread0" daemon [_thread_in_native, id=18216, stack(0x0000008aea200000,0x0000008aea300000)]


Current CompileTask:
C2:127997 17126       4       java.lang.invoke.DelegatingMethodHandle::makeReinvokerForm (344 bytes)

Stack: [0x0000008aea200000,0x0000008aea300000]
Native frames: (J=compiled Java code, j=interpreted, Vv=VM code, C=native code)
V  [jvm.dll+0x684d39]
V  [jvm.dll+0x83a565]
V  [jvm.dll+0x83bfde]
V  [jvm.dll+0x83c663]
V  [jvm.dll+0x2490cf]
V  [jvm.dll+0xad536]
V  [jvm.dll+0xadbdc]
V  [jvm.dll+0x368d6f]
V  [jvm.dll+0x333215]
V  [jvm.dll+0x33267a]
V  [jvm.dll+0x219ed9]
V  [jvm.dll+0x21931f]
V  [jvm.dll+0x1a49e0]
V  [jvm.dll+0x229a6a]
V  [jvm.dll+0x227c1b]
V  [jvm.dll+0x7f0d18]
V  [jvm.dll+0x7eb17c]
V  [jvm.dll+0x683c07]
C  [ucrtbase.dll+0x2cd30]
C  [KERNEL32.DLL+0x2ccb7]
C  [ntdll.dll+0xaad6c]


---------------  P R O C E S S  ---------------

Threads class SMR info:
_java_thread_list=0x000001f22d959940, length=157, elements={
0x000001f245e68e70, 0x000001f2643aa250, 0x000001f2643ab980, 0x000001f2643b95b0,
0x000001f2643ba170, 0x000001f21f12b020, 0x000001f21f12c550, 0x000001f21f12ddb0,
0x000001f21f134ec0, 0x000001f21f13e440, 0x000001f21f240980, 0x000001f21f240470,
0x000001f21f23fa50, 0x000001f21f240e90, 0x000001f21f2413a0, 0x000001f21f241dc0,
0x000001f21f23ff60, 0x000001f21f23e610, 0x000001f21f2418b0, 0x000001f21f23eb20,
0x000001f21f23f030, 0x000001f21f6c04a0, 0x000001f21f6bf060, 0x000001f21f6c0ec0,
0x000001f21f6c2300, 0x000001f21f6bfa80, 0x000001f21f6c2810, 0x000001f21f6c18e0,
0x000001f21f6c09b0, 0x000001f21f6c13d0, 0x000001f21f6c1df0, 0x000001f2247932f0,
0x000001f224790050, 0x000001f224791490, 0x000001f2247923c0, 0x000001f224793800,
0x000001f224791eb0, 0x000001f224793d10, 0x000001f224794220, 0x000001f224794730,
0x000001f224794c40, 0x000001f2247928d0, 0x000001f224795150, 0x000001f224795b70,
0x000001f2247979d0, 0x000001f224796aa0, 0x000001f224795660, 0x000001f224796fb0,
0x000001f224796080, 0x000001f224796590, 0x000001f2247974c0, 0x000001f2214338b0,
0x000001f221435710, 0x000001f221434cf0, 0x000001f221435200, 0x000001f221431f60,
0x000001f221432470, 0x000001f2214347e0, 0x000001f2214333a0, 0x000001f221432980,
0x000001f2214342d0, 0x000001f221432e90, 0x000001f221433dc0, 0x000001f222fdbec0,
0x000001f222fdd300, 0x000001f222fdd810, 0x000001f222fde230, 0x000001f222fdaa80,
0x000001f222fde740, 0x000001f222fdec50, 0x000001f222fdc8e0, 0x000001f222fdb4a0,
0x000001f222fdf160, 0x000001f222fdf670, 0x000001f222fdc3d0, 0x000001f222fe0090,
0x000001f222fe05a0, 0x000001f222fdcdf0, 0x000001f222fe0ab0, 0x000001f222fe0fc0,
0x000001f222fe14d0, 0x000001f222fe19e0, 0x000001f2248be930, 0x000001f2248be420,
0x000001f2248bcfe0, 0x000001f2248bda00, 0x000001f2248bb180, 0x000001f2248bdf10,
0x000001f2248bc0b0, 0x000001f2248bb690, 0x000001f2248bd4f0, 0x000001f2248bbba0,
0x000001f2248bc5c0, 0x000001f2248bcad0, 0x000001f2248eb140, 0x000001f2248eee00,
0x000001f2248ed4b0, 0x000001f2248ec580, 0x000001f2248eca90, 0x000001f2248ecfa0,
0x000001f2248ee3e0, 0x000001f2248ebb60, 0x000001f2248f0240, 0x000001f2248efd30,
0x000001f2248f1b90, 0x000001f2248f20a0, 0x000001f2248f0750, 0x000001f2248f0c60,
0x000001f2248f25b0, 0x000001f2248f1170, 0x000001f2248f2ac0, 0x000001f2248f1680,
0x000001f2248ef820, 0x000001f21f23f540, 0x000001f21f6bff90, 0x000001f224c212f0,
0x000001f224c1ea70, 0x000001f224c20de0, 0x000001f224c1db40, 0x000001f224c208d0,
0x000001f224c21800, 0x000001f224c1e050, 0x000001f224c21d10, 0x000001f224c1ef80,
0x000001f224c203c0, 0x000001f224c1e560, 0x000001f224c22220, 0x000001f224c22730,
0x000001f224c22c40, 0x000001f224c1f490, 0x000001f224c1f9a0, 0x000001f224c23660,
0x000001f224c1feb0, 0x000001f224c23b70, 0x000001f224c24080, 0x000001f224c24aa0,
0x000001f224c24590, 0x000001f224c24fb0, 0x000001f224c23150, 0x000001f224c254c0,
0x000001f22507eaa0, 0x000001f22507fee0, 0x000001f2250803f0, 0x000001f22507f4c0,
0x000001f225080e10, 0x000001f225081830, 0x000001f225084ad0, 0x000001f225083690,
0x000001f225081d40, 0x000001f225082250, 0x000001f2250840b0, 0x000001f2270b2370,
0x000001f2270b1440, 0x000001f2270b41d0, 0x000001f2270b7e90, 0x000001f2270b6f60,
0x000001f2258795d0
}

Java Threads: ( => current thread )
  0x000001f245e68e70 JavaThread "main" [_thread_blocked, id=11860, stack(0x0000008ae9500000,0x0000008ae9600000)]
  0x000001f2643aa250 JavaThread "Reference Handler" daemon [_thread_blocked, id=14288, stack(0x0000008ae9c00000,0x0000008ae9d00000)]
  0x000001f2643ab980 JavaThread "Finalizer" daemon [_thread_blocked, id=17200, stack(0x0000008ae9d00000,0x0000008ae9e00000)]
  0x000001f2643b95b0 JavaThread "Signal Dispatcher" daemon [_thread_blocked, id=8564, stack(0x0000008ae9e00000,0x0000008ae9f00000)]
  0x000001f2643ba170 JavaThread "Attach Listener" daemon [_thread_blocked, id=22168, stack(0x0000008ae9f00000,0x0000008aea000000)]
  0x000001f21f12b020 JavaThread "Service Thread" daemon [_thread_blocked, id=15768, stack(0x0000008aea000000,0x0000008aea100000)]
  0x000001f21f12c550 JavaThread "Monitor Deflation Thread" daemon [_thread_blocked, id=18808, stack(0x0000008aea100000,0x0000008aea200000)]
=>0x000001f21f12ddb0 JavaThread "C2 CompilerThread0" daemon [_thread_in_native, id=18216, stack(0x0000008aea200000,0x0000008aea300000)]
  0x000001f21f134ec0 JavaThread "C1 CompilerThread0" daemon [_thread_blocked, id=12964, stack(0x0000008aea300000,0x0000008aea400000)]
  0x000001f21f13e440 JavaThread "Sweeper thread" daemon [_thread_blocked, id=19972, stack(0x0000008aea400000,0x0000008aea500000)]
  0x000001f21f240980 JavaThread "Common-Cleaner" daemon [_thread_blocked, id=4992, stack(0x0000008aea500000,0x0000008aea600000)]
  0x000001f21f240470 JavaThread "Notification Thread" daemon [_thread_blocked, id=5536, stack(0x0000008aea600000,0x0000008aea700000)]
  0x000001f21f23fa50 JavaThread "Daemon health stats" [_thread_blocked, id=21988, stack(0x0000008aea900000,0x0000008aeaa00000)]
  0x000001f21f240e90 JavaThread "Incoming local TCP Connector on port 53833" [_thread_in_native, id=18888, stack(0x0000008aea800000,0x0000008aea900000)]
  0x000001f21f2413a0 JavaThread "Daemon periodic checks" [_thread_blocked, id=8532, stack(0x0000008aeaf00000,0x0000008aeb000000)]
  0x000001f21f241dc0 JavaThread "Daemon" [_thread_blocked, id=19960, stack(0x0000008aeb000000,0x0000008aeb100000)]
  0x000001f21f23ff60 JavaThread "Handler for socket connection from /127.0.0.1:53833 to /127.0.0.1:53834" [_thread_in_native, id=18576, stack(0x0000008aeb100000,0x0000008aeb200000)]
  0x000001f21f23e610 JavaThread "Cancel handler" [_thread_blocked, id=7772, stack(0x0000008aeb200000,0x0000008aeb300000)]
  0x000001f21f2418b0 JavaThread "Daemon worker" [_thread_in_native, id=19708, stack(0x0000008aeb300000,0x0000008aeb400000)]
  0x000001f21f23eb20 JavaThread "Asynchronous log dispatcher for DefaultDaemonConnection: socket connection from /127.0.0.1:53833 to /127.0.0.1:53834" [_thread_blocked, id=18192, stack(0x0000008aeb400000,0x0000008aeb500000)]
  0x000001f21f23f030 JavaThread "Stdin handler" [_thread_blocked, id=15468, stack(0x0000008aeb500000,0x0000008aeb600000)]
  0x000001f21f6c04a0 JavaThread "Daemon client event forwarder" [_thread_blocked, id=6128, stack(0x0000008aeb600000,0x0000008aeb700000)]
  0x000001f21f6bf060 JavaThread "Cache worker for journal cache (C:\Users\dell\.gradle\caches\journal-1)" [_thread_blocked, id=13780, stack(0x0000008aeb700000,0x0000008aeb800000)]
  0x000001f21f6c0ec0 JavaThread "File lock request listener" [_thread_in_native, id=12428, stack(0x0000008aeb900000,0x0000008aeba00000)]
  0x000001f21f6c2300 JavaThread "Cache worker for file hash cache (C:\Users\dell\.gradle\caches\9.3.1\fileHashes)" [_thread_blocked, id=6188, stack(0x0000008aeba00000,0x0000008aebb00000)]
  0x000001f21f6bfa80 JavaThread "Cache worker for file hash cache (C:\Users\dell\SmartVoiceNavigation\android\.gradle\9.3.1\fileHashes)" [_thread_blocked, id=2616, stack(0x0000008aebe00000,0x0000008aebf00000)]
  0x000001f21f6c2810 JavaThread "Cache worker for Build Output Cleanup Cache (C:\Users\dell\SmartVoiceNavigation\android\.gradle\buildOutputCleanup)" [_thread_blocked, id=6000, stack(0x0000008aebf00000,0x0000008aec000000)]
  0x000001f21f6c18e0 JavaThread "File watcher server" daemon [_thread_in_native, id=12780, stack(0x0000008aec000000,0x0000008aec100000)]
  0x000001f21f6c09b0 JavaThread "File watcher consumer" daemon [_thread_blocked, id=13884, stack(0x0000008aec100000,0x0000008aec200000)]
  0x000001f21f6c13d0 JavaThread "Cache worker for checksums cache (C:\Users\dell\SmartVoiceNavigation\android\.gradle\9.3.1\checksums)" [_thread_blocked, id=9832, stack(0x0000008aebc00000,0x0000008aebd00000)]
  0x000001f21f6c1df0 JavaThread "Cache worker for file content cache (C:\Users\dell\.gradle\caches\9.3.1\fileContent)" [_thread_blocked, id=17768, stack(0x0000008aec200000,0x0000008aec300000)]
  0x000001f2247932f0 JavaThread "Cache worker for cache directory md-supplier (C:\Users\dell\.gradle\caches\9.3.1\md-supplier)" [_thread_blocked, id=21044, stack(0x0000008aec500000,0x0000008aec600000)]
  0x000001f224790050 JavaThread "Cache worker for cache directory md-rule (C:\Users\dell\.gradle\caches\9.3.1\md-rule)" [_thread_blocked, id=19076, stack(0x0000008aec600000,0x0000008aec700000)]
  0x000001f224791490 JavaThread "jar transforms" [_thread_blocked, id=5808, stack(0x0000008aec800000,0x0000008aec900000)]
  0x000001f2247923c0 JavaThread "Exec process" [_thread_blocked, id=4712, stack(0x0000008aec900000,0x0000008aeca00000)]
  0x000001f224793800 JavaThread "Exec process Thread 2" [_thread_blocked, id=7580, stack(0x0000008aeca00000,0x0000008aecb00000)]
  0x000001f224791eb0 JavaThread "Exec process Thread 3" [_thread_blocked, id=11672, stack(0x0000008aecb00000,0x0000008aecc00000)]
  0x000001f224793d10 JavaThread "Cache worker for Build Output Cleanup Cache (C:\Users\dell\SmartVoiceNavigation\node_modules\@react-native\gradle-plugin\.gradle\buildOutputCleanup)" [_thread_blocked, id=16212, stack(0x0000008aec300000,0x0000008aec400000)]
  0x000001f224794220 JavaThread "Unconstrained build operations" [_thread_blocked, id=20364, stack(0x0000008aec400000,0x0000008aec500000)]
  0x000001f224794730 JavaThread "Unconstrained build operations Thread 2" [_thread_blocked, id=11816, stack(0x0000008aecc00000,0x0000008aecd00000)]
  0x000001f224794c40 JavaThread "Unconstrained build operations Thread 3" [_thread_blocked, id=15392, stack(0x0000008aecd00000,0x0000008aece00000)]
  0x000001f2247928d0 JavaThread "Cache worker for Build Output Cleanup Cache (C:\Users\dell\SmartVoiceNavigation\node_modules\expo-modules-autolinking\android\expo-gradle-plugin\.gradle\buildOutputCleanup)" [_thread_blocked, id=1876, stack(0x0000008aece00000,0x0000008aecf00000)]
  0x000001f224795150 JavaThread "Unconstrained build operations Thread 4" [_thread_blocked, id=10688, stack(0x0000008aecf00000,0x0000008aed000000)]
  0x000001f224795b70 JavaThread "Unconstrained build operations Thread 5" [_thread_blocked, id=3004, stack(0x0000008aed000000,0x0000008aed100000)]
  0x000001f2247979d0 JavaThread "Unconstrained build operations Thread 6" [_thread_blocked, id=10260, stack(0x0000008aed100000,0x0000008aed200000)]
  0x000001f224796aa0 JavaThread "Unconstrained build operations Thread 7" [_thread_blocked, id=2692, stack(0x0000008aed200000,0x0000008aed300000)]
  0x000001f224795660 JavaThread "Unconstrained build operations Thread 8" [_thread_blocked, id=2196, stack(0x0000008aed300000,0x0000008aed400000)]
  0x000001f224796fb0 JavaThread "Unconstrained build operations Thread 9" [_thread_blocked, id=12680, stack(0x0000008aed400000,0x0000008aed500000)]
  0x000001f224796080 JavaThread "Unconstrained build operations Thread 10" [_thread_blocked, id=1588, stack(0x0000008aed500000,0x0000008aed600000)]
  0x000001f224796590 JavaThread "Unconstrained build operations Thread 11" [_thread_blocked, id=14984, stack(0x0000008aed600000,0x0000008aed700000)]
  0x000001f2247974c0 JavaThread "Unconstrained build operations Thread 12" [_thread_blocked, id=18764, stack(0x0000008aed700000,0x0000008aed800000)]
  0x000001f2214338b0 JavaThread "Unconstrained build operations Thread 13" [_thread_blocked, id=22368, stack(0x0000008aed800000,0x0000008aed900000)]
  0x000001f221435710 JavaThread "Unconstrained build operations Thread 14" [_thread_blocked, id=9492, stack(0x0000008aed900000,0x0000008aeda00000)]
  0x000001f221434cf0 JavaThread "Unconstrained build operations Thread 15" [_thread_blocked, id=13160, stack(0x0000008aeda00000,0x0000008aedb00000)]
  0x000001f221435200 JavaThread "Unconstrained build operations Thread 16" [_thread_blocked, id=14488, stack(0x0000008aedb00000,0x0000008aedc00000)]
  0x000001f221431f60 JavaThread "Unconstrained build operations Thread 17" [_thread_blocked, id=4516, stack(0x0000008aedc00000,0x0000008aedd00000)]
  0x000001f221432470 JavaThread "Unconstrained build operations Thread 18" [_thread_blocked, id=22020, stack(0x0000008aedd00000,0x0000008aede00000)]
  0x000001f2214347e0 JavaThread "Unconstrained build operations Thread 19" [_thread_blocked, id=19912, stack(0x0000008aede00000,0x0000008aedf00000)]
  0x000001f2214333a0 JavaThread "Unconstrained build operations Thread 20" [_thread_blocked, id=19648, stack(0x0000008aedf00000,0x0000008aee000000)]
  0x000001f221432980 JavaThread "Unconstrained build operations Thread 21" [_thread_blocked, id=9860, stack(0x0000008aee000000,0x0000008aee100000)]
  0x000001f2214342d0 JavaThread "Unconstrained build operations Thread 22" [_thread_blocked, id=1432, stack(0x0000008aee100000,0x0000008aee200000)]
  0x000001f221432e90 JavaThread "Unconstrained build operations Thread 23" [_thread_blocked, id=16888, stack(0x0000008aee200000,0x0000008aee300000)]
  0x000001f221433dc0 JavaThread "Unconstrained build operations Thread 24" [_thread_blocked, id=19976, stack(0x0000008aee300000,0x0000008aee400000)]
  0x000001f222fdbec0 JavaThread "build event listener" [_thread_blocked, id=21852, stack(0x0000008aee400000,0x0000008aee500000)]
  0x000001f222fdd300 JavaThread "Memory manager" [_thread_blocked, id=4008, stack(0x0000008aee600000,0x0000008aee700000)]
  0x000001f222fdd810 JavaThread "Problems report writer" [_thread_blocked, id=9200, stack(0x0000008aee800000,0x0000008aee900000)]
  0x000001f222fde230 JavaThread "Unconstrained build operations Thread 25" [_thread_blocked, id=364, stack(0x0000008aee900000,0x0000008aeea00000)]
  0x000001f222fdaa80 JavaThread "Unconstrained build operations Thread 26" [_thread_blocked, id=8100, stack(0x0000008aeea00000,0x0000008aeeb00000)]
  0x000001f222fde740 JavaThread "Unconstrained build operations Thread 27" [_thread_blocked, id=13228, stack(0x0000008aeeb00000,0x0000008aeec00000)]
  0x000001f222fdec50 JavaThread "Unconstrained build operations Thread 28" [_thread_blocked, id=22516, stack(0x0000008aeec00000,0x0000008aeed00000)]
  0x000001f222fdc8e0 JavaThread "Unconstrained build operations Thread 29" [_thread_blocked, id=18460, stack(0x0000008aeed00000,0x0000008aeee00000)]
  0x000001f222fdb4a0 JavaThread "Unconstrained build operations Thread 30" [_thread_blocked, id=14844, stack(0x0000008aeee00000,0x0000008aeef00000)]
  0x000001f222fdf160 JavaThread "Unconstrained build operations Thread 31" [_thread_blocked, id=15808, stack(0x0000008aeef00000,0x0000008aef000000)]
  0x000001f222fdf670 JavaThread "build event listener" [_thread_blocked, id=8188, stack(0x0000008aef100000,0x0000008aef200000)]
  0x000001f222fdc3d0 JavaThread "Unconstrained build operations Thread 32" [_thread_blocked, id=10492, stack(0x0000008aef000000,0x0000008aef100000)]
  0x000001f222fe0090 JavaThread "Unconstrained build operations Thread 33" [_thread_blocked, id=5476, stack(0x0000008aef200000,0x0000008aef300000)]
  0x000001f222fe05a0 JavaThread "Unconstrained build operations Thread 34" [_thread_blocked, id=21024, stack(0x0000008aef300000,0x0000008aef400000)]
  0x000001f222fdcdf0 JavaThread "Unconstrained build operations Thread 35" [_thread_blocked, id=17168, stack(0x0000008aef400000,0x0000008aef500000)]
  0x000001f222fe0ab0 JavaThread "Unconstrained build operations Thread 36" [_thread_blocked, id=14716, stack(0x0000008aef500000,0x0000008aef600000)]
  0x000001f222fe0fc0 JavaThread "Unconstrained build operations Thread 37" [_thread_blocked, id=19460, stack(0x0000008aef600000,0x0000008aef700000)]
  0x000001f222fe14d0 JavaThread "Unconstrained build operations Thread 38" [_thread_blocked, id=13224, stack(0x0000008aef700000,0x0000008aef800000)]
  0x000001f222fe19e0 JavaThread "Unconstrained build operations Thread 39" [_thread_blocked, id=12520, stack(0x0000008aef800000,0x0000008aef900000)]
  0x000001f2248be930 JavaThread "Unconstrained build operations Thread 40" [_thread_blocked, id=21808, stack(0x0000008aef900000,0x0000008aefa00000)]
  0x000001f2248be420 JavaThread "Unconstrained build operations Thread 41" [_thread_blocked, id=12716, stack(0x0000008aefa00000,0x0000008aefb00000)]
  0x000001f2248bcfe0 JavaThread "Unconstrained build operations Thread 42" [_thread_blocked, id=19080, stack(0x0000008aefb00000,0x0000008aefc00000)]
  0x000001f2248bda00 JavaThread "Unconstrained build operations Thread 43" [_thread_blocked, id=2812, stack(0x0000008aefc00000,0x0000008aefd00000)]
  0x000001f2248bb180 JavaThread "Unconstrained build operations Thread 44" [_thread_blocked, id=18344, stack(0x0000008aefd00000,0x0000008aefe00000)]
  0x000001f2248bdf10 JavaThread "Unconstrained build operations Thread 45" [_thread_blocked, id=17732, stack(0x0000008aefe00000,0x0000008aeff00000)]
  0x000001f2248bc0b0 JavaThread "Unconstrained build operations Thread 46" [_thread_blocked, id=16412, stack(0x0000008aeff00000,0x0000008af0000000)]
  0x000001f2248bb690 JavaThread "Unconstrained build operations Thread 47" [_thread_blocked, id=16764, stack(0x0000008af0000000,0x0000008af0100000)]
  0x000001f2248bd4f0 JavaThread "Unconstrained build operations Thread 48" [_thread_blocked, id=20828, stack(0x0000008af0100000,0x0000008af0200000)]
  0x000001f2248bbba0 JavaThread "Unconstrained build operations Thread 49" [_thread_blocked, id=13360, stack(0x0000008af0200000,0x0000008af0300000)]
  0x000001f2248bc5c0 JavaThread "Unconstrained build operations Thread 50" [_thread_blocked, id=19136, stack(0x0000008af0300000,0x0000008af0400000)]
  0x000001f2248bcad0 JavaThread "Unconstrained build operations Thread 51" [_thread_blocked, id=2356, stack(0x0000008af0400000,0x0000008af0500000)]
  0x000001f2248eb140 JavaThread "Unconstrained build operations Thread 52" [_thread_blocked, id=14260, stack(0x0000008af0500000,0x0000008af0600000)]
  0x000001f2248eee00 JavaThread "ForkJoinPool.commonPool-worker-1" daemon [_thread_blocked, id=6336, stack(0x0000008ae9300000,0x0000008ae9400000)]
  0x000001f2248ed4b0 JavaThread "ForkJoinPool.commonPool-worker-3" daemon [_thread_blocked, id=14664, stack(0x0000008af0600000,0x0000008af0700000)]
  0x000001f2248ec580 JavaThread "ForkJoinPool.commonPool-worker-4" daemon [_thread_blocked, id=16828, stack(0x0000008af0700000,0x0000008af0800000)]
  0x000001f2248eca90 JavaThread "ForkJoinPool.commonPool-worker-5" daemon [_thread_blocked, id=20940, stack(0x0000008af0800000,0x0000008af0900000)]
  0x000001f2248ecfa0 JavaThread "ForkJoinPool.commonPool-worker-6" daemon [_thread_blocked, id=9812, stack(0x0000008af0900000,0x0000008af0a00000)]
  0x000001f2248ee3e0 JavaThread "ForkJoinPool.commonPool-worker-7" daemon [_thread_blocked, id=10788, stack(0x0000008af0a00000,0x0000008af0b00000)]
  0x000001f2248ebb60 JavaThread "included builds" [_thread_blocked, id=4724, stack(0x0000008af0e00000,0x0000008af0f00000)]
  0x000001f2248f0240 JavaThread "included builds Thread 2" [_thread_blocked, id=5652, stack(0x0000008af0f00000,0x0000008af1000000)]
  0x000001f2248efd30 JavaThread "Execution worker" [_thread_blocked, id=4956, stack(0x0000008af1000000,0x0000008af1100000)]
  0x000001f2248f1b90 JavaThread "Execution worker Thread 2" [_thread_blocked, id=16784, stack(0x0000008af1100000,0x0000008af1200000)]
  0x000001f2248f20a0 JavaThread "Execution worker Thread 3" [_thread_blocked, id=5836, stack(0x0000008af1200000,0x0000008af1300000)]
  0x000001f2248f0750 JavaThread "Execution worker Thread 4" [_thread_blocked, id=10020, stack(0x0000008af1300000,0x0000008af1400000)]
  0x000001f2248f0c60 JavaThread "Execution worker Thread 5" [_thread_blocked, id=7468, stack(0x0000008af1400000,0x0000008af1500000)]
  0x000001f2248f25b0 JavaThread "Execution worker Thread 6" [_thread_blocked, id=11788, stack(0x0000008af1500000,0x0000008af1600000)]
  0x000001f2248f1170 JavaThread "Execution worker Thread 7" [_thread_blocked, id=18408, stack(0x0000008af1600000,0x0000008af1700000)]
  0x000001f2248f2ac0 JavaThread "Cache worker for execution history cache (C:\Users\dell\SmartVoiceNavigation\node_modules\expo-modules-autolinking\android\expo-gradle-plugin\.gradle\9.3.1\executionHistory)" [_thread_blocked, id=18028, stack(0x0000008af1700000,0x0000008af1800000)]
  0x000001f2248f1680 JavaThread "Cache worker for execution history cache (C:\Users\dell\SmartVoiceNavigation\node_modules\@react-native\gradle-plugin\.gradle\9.3.1\executionHistory)" [_thread_blocked, id=3684, stack(0x0000008af1800000,0x0000008af1900000)]
  0x000001f2248ef820 JavaThread "Unconstrained build operations Thread 53" [_thread_blocked, id=5880, stack(0x0000008ae9200000,0x0000008ae9300000)]
  0x000001f21f23f540 JavaThread "Unconstrained build operations Thread 54" [_thread_blocked, id=18844, stack(0x0000008af1900000,0x0000008af1a00000)]
  0x000001f21f6bff90 JavaThread "Unconstrained build operations Thread 55" [_thread_blocked, id=5728, stack(0x0000008af1a00000,0x0000008af1b00000)]
  0x000001f224c212f0 JavaThread "Unconstrained build operations Thread 56" [_thread_blocked, id=21836, stack(0x0000008af1b00000,0x0000008af1c00000)]
  0x000001f224c1ea70 JavaThread "Unconstrained build operations Thread 57" [_thread_blocked, id=19388, stack(0x0000008af1c00000,0x0000008af1d00000)]
  0x000001f224c20de0 JavaThread "Unconstrained build operations Thread 58" [_thread_blocked, id=6760, stack(0x0000008af1d00000,0x0000008af1e00000)]
  0x000001f224c1db40 JavaThread "Unconstrained build operations Thread 59" [_thread_blocked, id=8808, stack(0x0000008af1e00000,0x0000008af1f00000)]
  0x000001f224c208d0 JavaThread "Unconstrained build operations Thread 60" [_thread_blocked, id=16780, stack(0x0000008af1f00000,0x0000008af2000000)]
  0x000001f224c21800 JavaThread "Unconstrained build operations Thread 61" [_thread_blocked, id=18304, stack(0x0000008af2000000,0x0000008af2100000)]
  0x000001f224c1e050 JavaThread "Unconstrained build operations Thread 62" [_thread_blocked, id=4420, stack(0x0000008af2100000,0x0000008af2200000)]
  0x000001f224c21d10 JavaThread "Unconstrained build operations Thread 63" [_thread_blocked, id=14380, stack(0x0000008af2200000,0x0000008af2300000)]
  0x000001f224c1ef80 JavaThread "Unconstrained build operations Thread 64" [_thread_blocked, id=1664, stack(0x0000008af2300000,0x0000008af2400000)]
  0x000001f224c203c0 JavaThread "Unconstrained build operations Thread 66" [_thread_blocked, id=8552, stack(0x0000008af2400000,0x0000008af2500000)]
  0x000001f224c1e560 JavaThread "Unconstrained build operations Thread 65" [_thread_blocked, id=21288, stack(0x0000008af2500000,0x0000008af2600000)]
  0x000001f224c22220 JavaThread "Unconstrained build operations Thread 67" [_thread_blocked, id=16324, stack(0x0000008af2600000,0x0000008af2700000)]
  0x000001f224c22730 JavaThread "Unconstrained build operations Thread 68" [_thread_blocked, id=14668, stack(0x0000008af2700000,0x0000008af2800000)]
  0x000001f224c22c40 JavaThread "Unconstrained build operations Thread 69" [_thread_blocked, id=8104, stack(0x0000008af2800000,0x0000008af2900000)]
  0x000001f224c1f490 JavaThread "Unconstrained build operations Thread 70" [_thread_blocked, id=17760, stack(0x0000008af2900000,0x0000008af2a00000)]
  0x000001f224c1f9a0 JavaThread "Unconstrained build operations Thread 71" [_thread_blocked, id=18104, stack(0x0000008af2a00000,0x0000008af2b00000)]
  0x000001f224c23660 JavaThread "Unconstrained build operations Thread 72" [_thread_blocked, id=22112, stack(0x0000008af2b00000,0x0000008af2c00000)]
  0x000001f224c1feb0 JavaThread "Unconstrained build operations Thread 73" [_thread_blocked, id=13892, stack(0x0000008af2c00000,0x0000008af2d00000)]
  0x000001f224c23b70 JavaThread "Unconstrained build operations Thread 74" [_thread_blocked, id=16624, stack(0x0000008af2d00000,0x0000008af2e00000)]
  0x000001f224c24080 JavaThread "Unconstrained build operations Thread 75" [_thread_blocked, id=2680, stack(0x0000008af2e00000,0x0000008af2f00000)]
  0x000001f224c24aa0 JavaThread "Unconstrained build operations Thread 76" [_thread_blocked, id=11428, stack(0x0000008af2f00000,0x0000008af3000000)]
  0x000001f224c24590 JavaThread "Unconstrained build operations Thread 77" [_thread_blocked, id=16280, stack(0x0000008af3000000,0x0000008af3100000)]
  0x000001f224c24fb0 JavaThread "Unconstrained build operations Thread 78" [_thread_blocked, id=18064, stack(0x0000008af3100000,0x0000008af3200000)]
  0x000001f224c23150 JavaThread "Unconstrained build operations Thread 79" [_thread_blocked, id=8592, stack(0x0000008af3200000,0x0000008af3300000)]
  0x000001f224c254c0 JavaThread "Unconstrained build operations Thread 80" [_thread_blocked, id=16200, stack(0x0000008af3300000,0x0000008af3400000)]
  0x000001f22507eaa0 JavaThread "jar transforms Thread 2" [_thread_blocked, id=9616, stack(0x0000008af3400000,0x0000008af3500000)]
  0x000001f22507fee0 JavaThread "Cache worker for Build Output Cleanup Cache (C:\Users\dell\SmartVoiceNavigation\node_modules\expo-dev-launcher\expo-dev-launcher-gradle-plugin\.gradle\buildOutputCleanup)" [_thread_blocked, id=17996, stack(0x0000008af3500000,0x0000008af3600000)]
  0x000001f2250803f0 JavaThread "Cache worker for Build Output Cleanup Cache (C:\Users\dell\SmartVoiceNavigation\node_modules\expo-modules-core\expo-module-gradle-plugin\.gradle\buildOutputCleanup)" [_thread_blocked, id=19500, stack(0x0000008af3600000,0x0000008af3700000)]
  0x000001f22507f4c0 JavaThread "build event listener" [_thread_blocked, id=15588, stack(0x0000008af3800000,0x0000008af3900000)]
  0x000001f225080e10 JavaThread "build event listener" [_thread_blocked, id=11560, stack(0x0000008af3a00000,0x0000008af3b00000)]
  0x000001f225081830 JavaThread "jar transforms Thread 3" [_thread_blocked, id=2176, stack(0x0000008af3700000,0x0000008af3800000)]
  0x000001f225084ad0 JavaThread "included builds Thread 3" [_thread_blocked, id=2912, stack(0x0000008af3900000,0x0000008af3a00000)]
  0x000001f225083690 JavaThread "included builds Thread 4" [_thread_blocked, id=4904, stack(0x0000008af3b00000,0x0000008af3c00000)]
  0x000001f225081d40 JavaThread "Cache worker for execution history cache (C:\Users\dell\SmartVoiceNavigation\node_modules\expo-dev-launcher\expo-dev-launcher-gradle-plugin\.gradle\9.3.1\executionHistory)" [_thread_blocked, id=1700, stack(0x0000008af3c00000,0x0000008af3d00000)]
  0x000001f225082250 JavaThread "Cache worker for execution history cache (C:\Users\dell\SmartVoiceNavigation\node_modules\expo-modules-core\expo-module-gradle-plugin\.gradle\9.3.1\executionHistory)" [_thread_blocked, id=15252, stack(0x0000008af3d00000,0x0000008af3e00000)]
  0x000001f2250840b0 JavaThread "jar transforms Thread 4" [_thread_blocked, id=16132, stack(0x0000008af3e00000,0x0000008af3f00000)]
  0x000001f2270b2370 JavaThread "jar transforms Thread 5" [_thread_blocked, id=20752, stack(0x0000008af4000000,0x0000008af4100000)]
  0x000001f2270b1440 JavaThread "jar transforms Thread 6" [_thread_blocked, id=16904, stack(0x0000008af4100000,0x0000008af4200000)]
  0x000001f2270b41d0 JavaThread "build event listener" [_thread_blocked, id=15988, stack(0x0000008af3f00000,0x0000008af4000000)]
  0x000001f2270b7e90 JavaThread "jar transforms Thread 7" [_thread_blocked, id=13520, stack(0x0000008af4300000,0x0000008af4400000)]
  0x000001f2270b6f60 JavaThread "jar transforms Thread 8" [_thread_blocked, id=12808, stack(0x0000008af4400000,0x0000008af4500000)]
  0x000001f2258795d0 JavaThread "C2 CompilerThread1" daemon [_thread_blocked, id=19584, stack(0x0000008ae9400000,0x0000008ae9500000)]

Other Threads:
  0x000001f2643a55f0 VMThread "VM Thread" [stack: 0x0000008ae9b00000,0x0000008ae9c00000] [id=15272]
  0x000001f245e69c00 WatcherThread [stack: 0x0000008aea700000,0x0000008aea800000] [id=13324]
  0x000001f245ec9d20 GCTaskThread "GC Thread#0" [stack: 0x0000008ae9600000,0x0000008ae9700000] [id=8732]
  0x000001f21f6daba0 GCTaskThread "GC Thread#1" [stack: 0x0000008aeaa00000,0x0000008aeab00000] [id=9012]
  0x000001f21f6dae60 GCTaskThread "GC Thread#2" [stack: 0x0000008aeab00000,0x0000008aeac00000] [id=18616]
  0x000001f21f6db120 GCTaskThread "GC Thread#3" [stack: 0x0000008aeac00000,0x0000008aead00000] [id=7860]
  0x000001f21f7bb2a0 GCTaskThread "GC Thread#4" [stack: 0x0000008aead00000,0x0000008aeae00000] [id=13720]
  0x000001f21f7bb560 GCTaskThread "GC Thread#5" [stack: 0x0000008aeae00000,0x0000008aeaf00000] [id=9904]
  0x000001f21f4ad0c0 GCTaskThread "GC Thread#6" [stack: 0x0000008aeb800000,0x0000008aeb900000] [id=11016]
  0x000001f220fc2e00 GCTaskThread "GC Thread#7" [stack: 0x0000008aebb00000,0x0000008aebc00000] [id=17920]
  0x000001f245edb940 ConcurrentGCThread "G1 Main Marker" [stack: 0x0000008ae9700000,0x0000008ae9800000] [id=9792]
  0x000001f245edc360 ConcurrentGCThread "G1 Conc#0" [stack: 0x0000008ae9800000,0x0000008ae9900000] [id=1468]
  0x000001f22272b0f0 ConcurrentGCThread "G1 Conc#1" [stack: 0x0000008aebd00000,0x0000008aebe00000] [id=3784]
  0x000001f245f1e530 ConcurrentGCThread "G1 Refine#0" [stack: 0x0000008ae9900000,0x0000008ae9a00000] [id=18236]
  0x000001f21f210ef0 ConcurrentGCThread "G1 Refine#1" [stack: 0x0000008aec700000,0x0000008aec800000] [id=6080]
  0x000001f26425f1f0 ConcurrentGCThread "G1 Service" [stack: 0x0000008ae9a00000,0x0000008ae9b00000] [id=4332]

Threads with active compile tasks:
C2 CompilerThread0  128122 17126       4       java.lang.invoke.DelegatingMethodHandle::makeReinvokerForm (344 bytes)

VM state: not at safepoint (normal execution)

VM Mutex/Monitor currently owned by a thread: None

Heap address: 0x0000000080000000, size: 2048 MB, Compressed Oops mode: 32-bit

CDS archive(s) mapped at: [0x000001f200000000-0x000001f200bb0000-0x000001f200bb0000), size 12255232, SharedBaseAddress: 0x000001f200000000, ArchiveRelocationMode: 1.
Compressed class space mapped at: 0x000001f201000000-0x000001f21b000000, reserved size: 436207616
Narrow klass base: 0x000001f200000000, Narrow klass shift: 0, Narrow klass range: 0x100000000

GC Precious Log:
 CPUs: 8 total, 8 available
 Memory: 16049M
 Large Page Support: Disabled
 NUMA Support: Disabled
 Compressed Oops: Enabled (32-bit)
 Heap Region Size: 1M
 Heap Min Capacity: 8M
 Heap Initial Capacity: 252M
 Heap Max Capacity: 2G
 Pre-touch: Disabled
 Parallel Workers: 8
 Concurrent Workers: 2
 Concurrent Refinement Workers: 8
 Periodic GC: Disabled

Heap:
 garbage-first heap   total 273408K, used 215486K [0x0000000080000000, 0x0000000100000000)
  region size 1024K, 56 young (57344K), 9 survivors (9216K)
 Metaspace       used 116681K, committed 118336K, reserved 557056K
  class space    used 16365K, committed 17152K, reserved 425984K

Heap Regions: E=young(eden), S=young(survivor), O=old, HS=humongous(starts), HC=humongous(continues), CS=collection set, F=free, OA=open archive, CA=closed archive, TAMS=top-at-mark-start (previous, next)
|   0|0x0000000080000000, 0x0000000080100000, 0x0000000080100000|100%|HS|  |TAMS 0x0000000080100000, 0x0000000080000000| Complete 
|   1|0x0000000080100000, 0x0000000080200000, 0x0000000080200000|100%|HC|  |TAMS 0x0000000080200000, 0x0000000080100000| Complete 
|   2|0x0000000080200000, 0x0000000080300000, 0x0000000080300000|100%|HC|  |TAMS 0x0000000080300000, 0x0000000080200000| Complete 
|   3|0x0000000080300000, 0x0000000080400000, 0x0000000080400000|100%|HC|  |TAMS 0x0000000080400000, 0x0000000080300000| Complete 
|   4|0x0000000080400000, 0x0000000080500000, 0x0000000080500000|100%| O|  |TAMS 0x0000000080500000, 0x0000000080400000| Untracked 
|   5|0x0000000080500000, 0x0000000080600000, 0x0000000080600000|100%| O|  |TAMS 0x0000000080600000, 0x0000000080500000| Untracked 
|   6|0x0000000080600000, 0x0000000080700000, 0x0000000080700000|100%| O|  |TAMS 0x0000000080700000, 0x0000000080600000| Untracked 
|   7|0x0000000080700000, 0x0000000080800000, 0x0000000080800000|100%|HS|  |TAMS 0x0000000080800000, 0x0000000080700000| Complete 
|   8|0x0000000080800000, 0x0000000080900000, 0x0000000080900000|100%| O|  |TAMS 0x0000000080900000, 0x0000000080800000| Untracked 
|   9|0x0000000080900000, 0x0000000080a00000, 0x0000000080a00000|100%| O|  |TAMS 0x0000000080a00000, 0x0000000080900000| Untracked 
|  10|0x0000000080a00000, 0x0000000080b00000, 0x0000000080b00000|100%| O|  |TAMS 0x0000000080b00000, 0x0000000080a00000| Untracked 
|  11|0x0000000080b00000, 0x0000000080c00000, 0x0000000080c00000|100%| O|  |TAMS 0x0000000080c00000, 0x0000000080b00000| Untracked 
|  12|0x0000000080c00000, 0x0000000080d00000, 0x0000000080d00000|100%| O|  |TAMS 0x0000000080d00000, 0x0000000080c00000| Untracked 
|  13|0x0000000080d00000, 0x0000000080e00000, 0x0000000080e00000|100%| O|  |TAMS 0x0000000080e00000, 0x0000000080d00000| Untracked 
|  14|0x0000000080e00000, 0x0000000080f00000, 0x0000000080f00000|100%| O|  |TAMS 0x0000000080f00000, 0x0000000080e00000| Untracked 
|  15|0x0000000080f00000, 0x0000000081000000, 0x0000000081000000|100%| O|  |TAMS 0x0000000081000000, 0x0000000080f00000| Untracked 
|  16|0x0000000081000000, 0x0000000081100000, 0x0000000081100000|100%| O|  |TAMS 0x0000000081100000, 0x0000000081000000| Untracked 
|  17|0x0000000081100000, 0x0000000081200000, 0x0000000081200000|100%| O|  |TAMS 0x0000000081200000, 0x0000000081100000| Untracked 
|  18|0x0000000081200000, 0x0000000081300000, 0x0000000081300000|100%| O|  |TAMS 0x0000000081300000, 0x0000000081200000| Untracked 
|  19|0x0000000081300000, 0x0000000081400000, 0x0000000081400000|100%| O|  |TAMS 0x0000000081400000, 0x0000000081300000| Untracked 
|  20|0x0000000081400000, 0x0000000081500000, 0x0000000081500000|100%| O|  |TAMS 0x0000000081500000, 0x0000000081400000| Untracked 
|  21|0x0000000081500000, 0x0000000081600000, 0x0000000081600000|100%| O|  |TAMS 0x0000000081600000, 0x0000000081500000| Untracked 
|  22|0x0000000081600000, 0x0000000081700000, 0x0000000081700000|100%| O|  |TAMS 0x0000000081700000, 0x0000000081600000| Untracked 
|  23|0x0000000081700000, 0x0000000081800000, 0x0000000081800000|100%| O|  |TAMS 0x0000000081800000, 0x0000000081700000| Untracked 
|  24|0x0000000081800000, 0x0000000081900000, 0x0000000081900000|100%| O|  |TAMS 0x0000000081900000, 0x0000000081800000| Untracked 
|  25|0x0000000081900000, 0x0000000081a00000, 0x0000000081a00000|100%| O|  |TAMS 0x0000000081a00000, 0x0000000081900000| Untracked 
|  26|0x0000000081a00000, 0x0000000081b00000, 0x0000000081b00000|100%| O|  |TAMS 0x0000000081b00000, 0x0000000081a00000| Untracked 
|  27|0x0000000081b00000, 0x0000000081c00000, 0x0000000081c00000|100%| O|  |TAMS 0x0000000081c00000, 0x0000000081b00000| Untracked 
|  28|0x0000000081c00000, 0x0000000081d00000, 0x0000000081d00000|100%| O|  |TAMS 0x0000000081d00000, 0x0000000081c00000| Untracked 
|  29|0x0000000081d00000, 0x0000000081e00000, 0x0000000081e00000|100%| O|  |TAMS 0x0000000081e00000, 0x0000000081d00000| Untracked 
|  30|0x0000000081e00000, 0x0000000081f00000, 0x0000000081f00000|100%| O|  |TAMS 0x0000000081f00000, 0x0000000081e00000| Untracked 
|  31|0x0000000081f00000, 0x0000000082000000, 0x0000000082000000|100%| O|  |TAMS 0x0000000082000000, 0x0000000081f00000| Untracked 
|  32|0x0000000082000000, 0x0000000082100000, 0x0000000082100000|100%| O|  |TAMS 0x0000000082100000, 0x0000000082000000| Untracked 
|  33|0x0000000082100000, 0x0000000082200000, 0x0000000082200000|100%| O|  |TAMS 0x0000000082200000, 0x0000000082100000| Untracked 
|  34|0x0000000082200000, 0x0000000082300000, 0x0000000082300000|100%| O|  |TAMS 0x0000000082300000, 0x0000000082200000| Untracked 
|  35|0x0000000082300000, 0x0000000082400000, 0x0000000082400000|100%| O|  |TAMS 0x0000000082400000, 0x0000000082300000| Untracked 
|  36|0x0000000082400000, 0x0000000082500000, 0x0000000082500000|100%| O|  |TAMS 0x0000000082500000, 0x0000000082400000| Untracked 
|  37|0x0000000082500000, 0x0000000082600000, 0x0000000082600000|100%| O|  |TAMS 0x0000000082600000, 0x0000000082500000| Untracked 
|  38|0x0000000082600000, 0x0000000082700000, 0x0000000082700000|100%| O|  |TAMS 0x0000000082700000, 0x0000000082600000| Untracked 
|  39|0x0000000082700000, 0x0000000082800000, 0x0000000082800000|100%| O|  |TAMS 0x0000000082800000, 0x0000000082700000| Untracked 
|  40|0x0000000082800000, 0x0000000082900000, 0x0000000082900000|100%| O|  |TAMS 0x0000000082900000, 0x0000000082800000| Untracked 
|  41|0x0000000082900000, 0x0000000082a00000, 0x0000000082a00000|100%| O|  |TAMS 0x0000000082a00000, 0x0000000082900000| Untracked 
|  42|0x0000000082a00000, 0x0000000082b00000, 0x0000000082b00000|100%| O|  |TAMS 0x0000000082b00000, 0x0000000082a00000| Untracked 
|  43|0x0000000082b00000, 0x0000000082c00000, 0x0000000082c00000|100%| O|  |TAMS 0x0000000082c00000, 0x0000000082b00000| Untracked 
|  44|0x0000000082c00000, 0x0000000082d00000, 0x0000000082d00000|100%|HS|  |TAMS 0x0000000082d00000, 0x0000000082c00000| Complete 
|  45|0x0000000082d00000, 0x0000000082e00000, 0x0000000082e00000|100%|HC|  |TAMS 0x0000000082e00000, 0x0000000082d00000| Complete 
|  46|0x0000000082e00000, 0x0000000082f00000, 0x0000000082f00000|100%|HC|  |TAMS 0x0000000082f00000, 0x0000000082e00000| Complete 
|  47|0x0000000082f00000, 0x0000000083000000, 0x0000000083000000|100%|HS|  |TAMS 0x0000000083000000, 0x0000000082f00000| Complete 
|  48|0x0000000083000000, 0x0000000083100000, 0x0000000083100000|100%|HC|  |TAMS 0x0000000083100000, 0x0000000083000000| Complete 
|  49|0x0000000083100000, 0x0000000083200000, 0x0000000083200000|100%|HC|  |TAMS 0x0000000083200000, 0x0000000083100000| Complete 
|  50|0x0000000083200000, 0x0000000083300000, 0x0000000083300000|100%| O|  |TAMS 0x0000000083300000, 0x0000000083200000| Untracked 
|  51|0x0000000083300000, 0x0000000083400000, 0x0000000083400000|100%| O|  |TAMS 0x0000000083300000, 0x0000000083300000| Untracked 
|  52|0x0000000083400000, 0x0000000083500000, 0x0000000083500000|100%| O|  |TAMS 0x0000000083400000, 0x0000000083400000| Untracked 
|  53|0x0000000083500000, 0x0000000083600000, 0x0000000083600000|100%| O|  |TAMS 0x0000000083600000, 0x0000000083500000| Untracked 
|  54|0x0000000083600000, 0x0000000083700000, 0x0000000083700000|100%| O|  |TAMS 0x0000000083700000, 0x0000000083600000| Untracked 
|  55|0x0000000083700000, 0x0000000083800000, 0x0000000083800000|100%| O|  |TAMS 0x0000000083700000, 0x0000000083700000| Untracked 
|  56|0x0000000083800000, 0x0000000083900000, 0x0000000083900000|100%| O|  |TAMS 0x0000000083900000, 0x0000000083800000| Untracked 
|  57|0x0000000083900000, 0x0000000083a00000, 0x0000000083a00000|100%| O|  |TAMS 0x0000000083a00000, 0x0000000083900000| Untracked 
|  58|0x0000000083a00000, 0x0000000083b00000, 0x0000000083b00000|100%| O|  |TAMS 0x0000000083b00000, 0x0000000083a00000| Untracked 
|  59|0x0000000083b00000, 0x0000000083c00000, 0x0000000083c00000|100%| O|  |TAMS 0x0000000083c00000, 0x0000000083b00000| Untracked 
|  60|0x0000000083c00000, 0x0000000083d00000, 0x0000000083d00000|100%| O|  |TAMS 0x0000000083d00000, 0x0000000083c00000| Untracked 
|  61|0x0000000083d00000, 0x0000000083e00000, 0x0000000083e00000|100%| O|  |TAMS 0x0000000083e00000, 0x0000000083d00000| Untracked 
|  62|0x0000000083e00000, 0x0000000083f00000, 0x0000000083f00000|100%| O|  |TAMS 0x0000000083f00000, 0x0000000083e00000| Untracked 
|  63|0x0000000083f00000, 0x0000000084000000, 0x0000000084000000|100%| O|  |TAMS 0x0000000084000000, 0x0000000083f00000| Untracked 
|  64|0x0000000084000000, 0x0000000084100000, 0x0000000084100000|100%| O|  |TAMS 0x0000000084100000, 0x0000000084000000| Untracked 
|  65|0x0000000084100000, 0x0000000084200000, 0x0000000084200000|100%| O|  |TAMS 0x0000000084200000, 0x0000000084100000| Untracked 
|  66|0x0000000084200000, 0x0000000084300000, 0x0000000084300000|100%| O|  |TAMS 0x0000000084300000, 0x0000000084200000| Untracked 
|  67|0x0000000084300000, 0x0000000084400000, 0x0000000084400000|100%| O|  |TAMS 0x0000000084400000, 0x0000000084300000| Untracked 
|  68|0x0000000084400000, 0x0000000084500000, 0x0000000084500000|100%| O|  |TAMS 0x0000000084500000, 0x0000000084400000| Untracked 
|  69|0x0000000084500000, 0x0000000084600000, 0x0000000084600000|100%| O|  |TAMS 0x0000000084600000, 0x0000000084500000| Untracked 
|  70|0x0000000084600000, 0x0000000084700000, 0x0000000084700000|100%| O|  |TAMS 0x0000000084700000, 0x0000000084600000| Untracked 
|  71|0x0000000084700000, 0x0000000084800000, 0x0000000084800000|100%| O|  |TAMS 0x0000000084800000, 0x0000000084700000| Untracked 
|  72|0x0000000084800000, 0x0000000084900000, 0x0000000084900000|100%| O|  |TAMS 0x0000000084900000, 0x0000000084800000| Untracked 
|  73|0x0000000084900000, 0x0000000084a00000, 0x0000000084a00000|100%| O|  |TAMS 0x0000000084900000, 0x0000000084900000| Untracked 
|  74|0x0000000084a00000, 0x0000000084b00000, 0x0000000084b00000|100%| O|  |TAMS 0x0000000084b00000, 0x0000000084a00000| Untracked 
|  75|0x0000000084b00000, 0x0000000084c00000, 0x0000000084c00000|100%| O|  |TAMS 0x0000000084c00000, 0x0000000084b00000| Untracked 
|  76|0x0000000084c00000, 0x0000000084d00000, 0x0000000084d00000|100%| O|  |TAMS 0x0000000084d00000, 0x0000000084c00000| Untracked 
|  77|0x0000000084d00000, 0x0000000084e00000, 0x0000000084e00000|100%| O|  |TAMS 0x0000000084e00000, 0x0000000084d00000| Untracked 
|  78|0x0000000084e00000, 0x0000000084f00000, 0x0000000084f00000|100%| O|  |TAMS 0x0000000084e00000, 0x0000000084e00000| Untracked 
|  79|0x0000000084f00000, 0x0000000085000000, 0x0000000085000000|100%| O|  |TAMS 0x0000000084f00000, 0x0000000084f00000| Untracked 
|  80|0x0000000085000000, 0x0000000085100000, 0x0000000085100000|100%| O|  |TAMS 0x0000000085000000, 0x0000000085000000| Untracked 
|  81|0x0000000085100000, 0x0000000085200000, 0x0000000085200000|100%| O|  |TAMS 0x0000000085200000, 0x0000000085100000| Untracked 
|  82|0x0000000085200000, 0x0000000085300000, 0x0000000085300000|100%| O|  |TAMS 0x0000000085300000, 0x0000000085200000| Untracked 
|  83|0x0000000085300000, 0x0000000085400000, 0x0000000085400000|100%| O|  |TAMS 0x0000000085400000, 0x0000000085300000| Untracked 
|  84|0x0000000085400000, 0x0000000085500000, 0x0000000085500000|100%| O|  |TAMS 0x0000000085500000, 0x0000000085400000| Untracked 
|  85|0x0000000085500000, 0x0000000085600000, 0x0000000085600000|100%| O|  |TAMS 0x0000000085600000, 0x0000000085500000| Untracked 
|  86|0x0000000085600000, 0x0000000085700000, 0x0000000085700000|100%| O|  |TAMS 0x0000000085600000, 0x0000000085600000| Untracked 
|  87|0x0000000085700000, 0x0000000085800000, 0x0000000085800000|100%| O|  |TAMS 0x0000000085800000, 0x0000000085700000| Untracked 
|  88|0x0000000085800000, 0x0000000085900000, 0x0000000085900000|100%| O|  |TAMS 0x0000000085900000, 0x0000000085800000| Untracked 
|  89|0x0000000085900000, 0x0000000085a00000, 0x0000000085a00000|100%| O|  |TAMS 0x0000000085a00000, 0x0000000085900000| Untracked 
|  90|0x0000000085a00000, 0x0000000085b00000, 0x0000000085b00000|100%| O|  |TAMS 0x0000000085b00000, 0x0000000085a00000| Untracked 
|  91|0x0000000085b00000, 0x0000000085c00000, 0x0000000085c00000|100%| O|  |TAMS 0x0000000085c00000, 0x0000000085b00000| Untracked 
|  92|0x0000000085c00000, 0x0000000085d00000, 0x0000000085d00000|100%| O|  |TAMS 0x0000000085d00000, 0x0000000085c00000| Untracked 
|  93|0x0000000085d00000, 0x0000000085e00000, 0x0000000085e00000|100%| O|  |TAMS 0x0000000085e00000, 0x0000000085d00000| Untracked 
|  94|0x0000000085e00000, 0x0000000085f00000, 0x0000000085f00000|100%| O|  |TAMS 0x0000000085f00000, 0x0000000085e00000| Untracked 
|  95|0x0000000085f00000, 0x0000000086000000, 0x0000000086000000|100%| O|  |TAMS 0x0000000086000000, 0x0000000085f00000| Untracked 
|  96|0x0000000086000000, 0x0000000086100000, 0x0000000086100000|100%| O|  |TAMS 0x0000000086100000, 0x0000000086000000| Untracked 
|  97|0x0000000086100000, 0x0000000086200000, 0x0000000086200000|100%| O|  |TAMS 0x0000000086200000, 0x0000000086100000| Untracked 
|  98|0x0000000086200000, 0x0000000086300000, 0x0000000086300000|100%| O|  |TAMS 0x0000000086300000, 0x0000000086200000| Untracked 
|  99|0x0000000086300000, 0x0000000086400000, 0x0000000086400000|100%| O|  |TAMS 0x0000000086400000, 0x0000000086300000| Untracked 
| 100|0x0000000086400000, 0x000000008646fa00, 0x0000000086500000| 43%| O|  |TAMS 0x0000000086400000, 0x0000000086400000| Untracked 
| 101|0x0000000086500000, 0x0000000086600000, 0x0000000086600000|100%| O|  |TAMS 0x0000000086600000, 0x0000000086500000| Untracked 
| 102|0x0000000086600000, 0x0000000086700000, 0x0000000086700000|100%| O|  |TAMS 0x0000000086700000, 0x0000000086600000| Untracked 
| 103|0x0000000086700000, 0x0000000086800000, 0x0000000086800000|100%| O|  |TAMS 0x0000000086800000, 0x0000000086700000| Untracked 
| 104|0x0000000086800000, 0x0000000086900000, 0x0000000086900000|100%| O|  |TAMS 0x0000000086900000, 0x0000000086800000| Untracked 
| 105|0x0000000086900000, 0x0000000086a00000, 0x0000000086a00000|100%|HS|  |TAMS 0x0000000086a00000, 0x0000000086900000| Complete 
| 106|0x0000000086a00000, 0x0000000086b00000, 0x0000000086b00000|100%|HS|  |TAMS 0x0000000086b00000, 0x0000000086a00000| Complete 
| 107|0x0000000086b00000, 0x0000000086c00000, 0x0000000086c00000|100%|HS|  |TAMS 0x0000000086c00000, 0x0000000086b00000| Complete 
| 108|0x0000000086c00000, 0x0000000086d00000, 0x0000000086d00000|100%|HS|  |TAMS 0x0000000086d00000, 0x0000000086c00000| Complete 
| 109|0x0000000086d00000, 0x0000000086e00000, 0x0000000086e00000|100%|HS|  |TAMS 0x0000000086e00000, 0x0000000086d00000| Complete 
| 110|0x0000000086e00000, 0x0000000086f00000, 0x0000000086f00000|100%| O|  |TAMS 0x0000000086f00000, 0x0000000086e00000| Untracked 
| 111|0x0000000086f00000, 0x0000000087000000, 0x0000000087000000|100%| O|  |TAMS 0x0000000087000000, 0x0000000086f00000| Untracked 
| 112|0x0000000087000000, 0x0000000087100000, 0x0000000087100000|100%| O|  |TAMS 0x0000000087100000, 0x0000000087000000| Untracked 
| 113|0x0000000087100000, 0x0000000087200000, 0x0000000087200000|100%| O|  |TAMS 0x0000000087200000, 0x0000000087100000| Untracked 
| 114|0x0000000087200000, 0x0000000087300000, 0x0000000087300000|100%| O|  |TAMS 0x0000000087300000, 0x0000000087200000| Untracked 
| 115|0x0000000087300000, 0x0000000087400000, 0x0000000087400000|100%|HS|  |TAMS 0x0000000087400000, 0x0000000087300000| Complete 
| 116|0x0000000087400000, 0x0000000087500000, 0x0000000087500000|100%| O|  |TAMS 0x0000000087500000, 0x0000000087400000| Untracked 
| 117|0x0000000087500000, 0x0000000087600000, 0x0000000087600000|100%| O|  |TAMS 0x0000000087600000, 0x0000000087500000| Untracked 
| 118|0x0000000087600000, 0x0000000087700000, 0x0000000087700000|100%| O|  |TAMS 0x0000000087700000, 0x0000000087600000| Untracked 
| 119|0x0000000087700000, 0x0000000087800000, 0x0000000087800000|100%| O|  |TAMS 0x0000000087800000, 0x0000000087700000| Untracked 
| 120|0x0000000087800000, 0x0000000087900000, 0x0000000087900000|100%| O|  |TAMS 0x0000000087900000, 0x0000000087800000| Untracked 
| 121|0x0000000087900000, 0x0000000087a00000, 0x0000000087a00000|100%| O|  |TAMS 0x0000000087a00000, 0x0000000087900000| Untracked 
| 122|0x0000000087a00000, 0x0000000087b00000, 0x0000000087b00000|100%| O|  |TAMS 0x0000000087b00000, 0x0000000087a00000| Untracked 
| 123|0x0000000087b00000, 0x0000000087c00000, 0x0000000087c00000|100%| O|  |TAMS 0x0000000087c00000, 0x0000000087b00000| Untracked 
| 124|0x0000000087c00000, 0x0000000087d00000, 0x0000000087d00000|100%| O|  |TAMS 0x0000000087d00000, 0x0000000087c00000| Untracked 
| 125|0x0000000087d00000, 0x0000000087e00000, 0x0000000087e00000|100%| O|  |TAMS 0x0000000087e00000, 0x0000000087d00000| Untracked 
| 126|0x0000000087e00000, 0x0000000087f00000, 0x0000000087f00000|100%| O|  |TAMS 0x0000000087f00000, 0x0000000087e00000| Untracked 
| 127|0x0000000087f00000, 0x0000000088000000, 0x0000000088000000|100%|HS|  |TAMS 0x0000000088000000, 0x0000000087f00000| Complete 
| 128|0x0000000088000000, 0x0000000088100000, 0x0000000088100000|100%|HC|  |TAMS 0x0000000088100000, 0x0000000088000000| Complete 
| 129|0x0000000088100000, 0x0000000088200000, 0x0000000088200000|100%|HC|  |TAMS 0x0000000088200000, 0x0000000088100000| Complete 
| 130|0x0000000088200000, 0x0000000088300000, 0x0000000088300000|100%| O|  |TAMS 0x0000000088300000, 0x0000000088200000| Untracked 
| 131|0x0000000088300000, 0x0000000088400000, 0x0000000088400000|100%|HS|  |TAMS 0x0000000088400000, 0x0000000088300000| Complete 
| 132|0x0000000088400000, 0x0000000088500000, 0x0000000088500000|100%| O|  |TAMS 0x0000000088500000, 0x0000000088400000| Untracked 
| 133|0x0000000088500000, 0x0000000088600000, 0x0000000088600000|100%| O|  |TAMS 0x0000000088600000, 0x0000000088500000| Untracked 
| 134|0x0000000088600000, 0x0000000088700000, 0x0000000088700000|100%| O|  |TAMS 0x0000000088700000, 0x0000000088600000| Untracked 
| 135|0x0000000088700000, 0x0000000088800000, 0x0000000088800000|100%| O|  |TAMS 0x0000000088800000, 0x0000000088700000| Untracked 
| 136|0x0000000088800000, 0x0000000088900000, 0x0000000088900000|100%| O|  |TAMS 0x0000000088900000, 0x0000000088800000| Untracked 
| 137|0x0000000088900000, 0x0000000088a00000, 0x0000000088a00000|100%| O|  |TAMS 0x0000000088a00000, 0x0000000088900000| Untracked 
| 138|0x0000000088a00000, 0x0000000088b00000, 0x0000000088b00000|100%| O|  |TAMS 0x0000000088b00000, 0x0000000088a00000| Untracked 
| 139|0x0000000088b00000, 0x0000000088c00000, 0x0000000088c00000|100%| O|  |TAMS 0x0000000088c00000, 0x0000000088b00000| Untracked 
| 140|0x0000000088c00000, 0x0000000088d00000, 0x0000000088d00000|100%| O|  |TAMS 0x0000000088d00000, 0x0000000088c00000| Untracked 
| 141|0x0000000088d00000, 0x0000000088e00000, 0x0000000088e00000|100%| O|  |TAMS 0x0000000088e00000, 0x0000000088d00000| Untracked 
| 142|0x0000000088e00000, 0x0000000088f00000, 0x0000000088f00000|100%| O|  |TAMS 0x0000000088f00000, 0x0000000088e00000| Untracked 
| 143|0x0000000088f00000, 0x0000000089000000, 0x0000000089000000|100%| O|  |TAMS 0x0000000089000000, 0x0000000088f00000| Untracked 
| 144|0x0000000089000000, 0x0000000089100000, 0x0000000089100000|100%| O|  |TAMS 0x0000000089100000, 0x0000000089000000| Untracked 
| 145|0x0000000089100000, 0x0000000089200000, 0x0000000089200000|100%| O|  |TAMS 0x0000000089200000, 0x0000000089100000| Untracked 
| 146|0x0000000089200000, 0x0000000089300000, 0x0000000089300000|100%| O|  |TAMS 0x0000000089300000, 0x0000000089200000| Untracked 
| 147|0x0000000089300000, 0x0000000089400000, 0x0000000089400000|100%| O|  |TAMS 0x0000000089400000, 0x0000000089300000| Untracked 
| 148|0x0000000089400000, 0x0000000089500000, 0x0000000089500000|100%| O|  |TAMS 0x00000000894c9800, 0x0000000089400000| Untracked 
| 149|0x0000000089500000, 0x0000000089600000, 0x0000000089600000|100%| O|  |TAMS 0x0000000089500000, 0x0000000089500000| Untracked 
| 150|0x0000000089600000, 0x0000000089700000, 0x0000000089700000|100%| O|  |TAMS 0x0000000089600000, 0x0000000089600000| Untracked 
| 151|0x0000000089700000, 0x0000000089800000, 0x0000000089800000|100%| O|  |TAMS 0x0000000089700000, 0x0000000089700000| Untracked 
| 152|0x0000000089800000, 0x0000000089900000, 0x0000000089900000|100%| O|  |TAMS 0x0000000089800000, 0x0000000089800000| Untracked 
| 153|0x0000000089900000, 0x0000000089a00000, 0x0000000089a00000|100%| O|  |TAMS 0x0000000089900000, 0x0000000089900000| Untracked 
| 154|0x0000000089a00000, 0x0000000089b00000, 0x0000000089b00000|100%| O|  |TAMS 0x0000000089a00000, 0x0000000089a00000| Untracked 
| 155|0x0000000089b00000, 0x0000000089c00000, 0x0000000089c00000|100%| O|  |TAMS 0x0000000089b00000, 0x0000000089b00000| Untracked 
| 156|0x0000000089c00000, 0x0000000089d00000, 0x0000000089d00000|100%| O|  |TAMS 0x0000000089c00000, 0x0000000089c00000| Untracked 
| 157|0x0000000089d00000, 0x0000000089d00000, 0x0000000089e00000|  0%| F|  |TAMS 0x0000000089d00000, 0x0000000089d00000| Untracked 
| 158|0x0000000089e00000, 0x0000000089e00000, 0x0000000089f00000|  0%| F|  |TAMS 0x0000000089e00000, 0x0000000089e00000| Untracked 
| 159|0x0000000089f00000, 0x0000000089f00000, 0x000000008a000000|  0%| F|  |TAMS 0x0000000089f00000, 0x0000000089f00000| Untracked 
| 160|0x000000008a000000, 0x000000008a000000, 0x000000008a100000|  0%| F|  |TAMS 0x000000008a000000, 0x000000008a000000| Untracked 
| 161|0x000000008a100000, 0x000000008a100000, 0x000000008a200000|  0%| F|  |TAMS 0x000000008a100000, 0x000000008a100000| Untracked 
| 162|0x000000008a200000, 0x000000008a200000, 0x000000008a300000|  0%| F|  |TAMS 0x000000008a200000, 0x000000008a200000| Untracked 
| 163|0x000000008a300000, 0x000000008a300000, 0x000000008a400000|  0%| F|  |TAMS 0x000000008a300000, 0x000000008a300000| Untracked 
| 164|0x000000008a400000, 0x000000008a400000, 0x000000008a500000|  0%| F|  |TAMS 0x000000008a400000, 0x000000008a400000| Untracked 
| 165|0x000000008a500000, 0x000000008a500000, 0x000000008a600000|  0%| F|  |TAMS 0x000000008a500000, 0x000000008a500000| Untracked 
| 166|0x000000008a600000, 0x000000008a600000, 0x000000008a700000|  0%| F|  |TAMS 0x000000008a600000, 0x000000008a600000| Untracked 
| 167|0x000000008a700000, 0x000000008a700000, 0x000000008a800000|  0%| F|  |TAMS 0x000000008a700000, 0x000000008a700000| Untracked 
| 168|0x000000008a800000, 0x000000008a800000, 0x000000008a900000|  0%| F|  |TAMS 0x000000008a800000, 0x000000008a800000| Untracked 
| 169|0x000000008a900000, 0x000000008a900000, 0x000000008aa00000|  0%| F|  |TAMS 0x000000008a900000, 0x000000008a900000| Untracked 
| 170|0x000000008aa00000, 0x000000008aa00000, 0x000000008ab00000|  0%| F|  |TAMS 0x000000008aa00000, 0x000000008aa00000| Untracked 
| 171|0x000000008ab00000, 0x000000008ab00000, 0x000000008ac00000|  0%| F|  |TAMS 0x000000008ab00000, 0x000000008ab00000| Untracked 
| 172|0x000000008ac00000, 0x000000008ac00000, 0x000000008ad00000|  0%| F|  |TAMS 0x000000008ac00000, 0x000000008ac00000| Untracked 
| 173|0x000000008ad00000, 0x000000008ad00000, 0x000000008ae00000|  0%| F|  |TAMS 0x000000008ad00000, 0x000000008ad00000| Untracked 
| 174|0x000000008ae00000, 0x000000008ae00000, 0x000000008af00000|  0%| F|  |TAMS 0x000000008ae00000, 0x000000008ae00000| Untracked 
| 175|0x000000008af00000, 0x000000008af00000, 0x000000008b000000|  0%| F|  |TAMS 0x000000008af00000, 0x000000008af00000| Untracked 
| 176|0x000000008b000000, 0x000000008b000000, 0x000000008b100000|  0%| F|  |TAMS 0x000000008b000000, 0x000000008b000000| Untracked 
| 177|0x000000008b100000, 0x000000008b100000, 0x000000008b200000|  0%| F|  |TAMS 0x000000008b100000, 0x000000008b100000| Untracked 
| 178|0x000000008b200000, 0x000000008b200000, 0x000000008b300000|  0%| F|  |TAMS 0x000000008b200000, 0x000000008b200000| Untracked 
| 179|0x000000008b300000, 0x000000008b300000, 0x000000008b400000|  0%| F|  |TAMS 0x000000008b300000, 0x000000008b300000| Untracked 
| 180|0x000000008b400000, 0x000000008b400000, 0x000000008b500000|  0%| F|  |TAMS 0x000000008b400000, 0x000000008b400000| Untracked 
| 181|0x000000008b500000, 0x000000008b500000, 0x000000008b600000|  0%| F|  |TAMS 0x000000008b500000, 0x000000008b500000| Untracked 
| 182|0x000000008b600000, 0x000000008b600000, 0x000000008b700000|  0%| F|  |TAMS 0x000000008b600000, 0x000000008b600000| Untracked 
| 183|0x000000008b700000, 0x000000008b700000, 0x000000008b800000|  0%| F|  |TAMS 0x000000008b700000, 0x000000008b700000| Untracked 
| 184|0x000000008b800000, 0x000000008b800000, 0x000000008b900000|  0%| F|  |TAMS 0x000000008b800000, 0x000000008b800000| Untracked 
| 185|0x000000008b900000, 0x000000008b900000, 0x000000008ba00000|  0%| F|  |TAMS 0x000000008b900000, 0x000000008b900000| Untracked 
| 186|0x000000008ba00000, 0x000000008bb00000, 0x000000008bb00000|100%| S|CS|TAMS 0x000000008ba00000, 0x000000008ba00000| Complete 
| 187|0x000000008bb00000, 0x000000008bc00000, 0x000000008bc00000|100%| S|CS|TAMS 0x000000008bb00000, 0x000000008bb00000| Complete 
| 188|0x000000008bc00000, 0x000000008bd00000, 0x000000008bd00000|100%| S|CS|TAMS 0x000000008bc00000, 0x000000008bc00000| Complete 
| 189|0x000000008bd00000, 0x000000008be00000, 0x000000008be00000|100%| S|CS|TAMS 0x000000008bd00000, 0x000000008bd00000| Complete 
| 190|0x000000008be00000, 0x000000008bf00000, 0x000000008bf00000|100%| S|CS|TAMS 0x000000008be00000, 0x000000008be00000| Complete 
| 191|0x000000008bf00000, 0x000000008c000000, 0x000000008c000000|100%| S|CS|TAMS 0x000000008bf00000, 0x000000008bf00000| Complete 
| 192|0x000000008c000000, 0x000000008c100000, 0x000000008c100000|100%| S|CS|TAMS 0x000000008c000000, 0x000000008c000000| Complete 
| 193|0x000000008c100000, 0x000000008c200000, 0x000000008c200000|100%| S|CS|TAMS 0x000000008c100000, 0x000000008c100000| Complete 
| 194|0x000000008c200000, 0x000000008c300000, 0x000000008c300000|100%| S|CS|TAMS 0x000000008c200000, 0x000000008c200000| Complete 
| 195|0x000000008c300000, 0x000000008c300000, 0x000000008c400000|  0%| F|  |TAMS 0x000000008c300000, 0x000000008c300000| Untracked 
| 196|0x000000008c400000, 0x000000008c400000, 0x000000008c500000|  0%| F|  |TAMS 0x000000008c400000, 0x000000008c400000| Untracked 
| 197|0x000000008c500000, 0x000000008c500000, 0x000000008c600000|  0%| F|  |TAMS 0x000000008c500000, 0x000000008c500000| Untracked 
| 198|0x000000008c600000, 0x000000008c600000, 0x000000008c700000|  0%| F|  |TAMS 0x000000008c600000, 0x000000008c600000| Untracked 
| 199|0x000000008c700000, 0x000000008c700000, 0x000000008c800000|  0%| F|  |TAMS 0x000000008c700000, 0x000000008c700000| Untracked 
| 200|0x000000008c800000, 0x000000008c800000, 0x000000008c900000|  0%| F|  |TAMS 0x000000008c800000, 0x000000008c800000| Untracked 
| 201|0x000000008c900000, 0x000000008c900000, 0x000000008ca00000|  0%| F|  |TAMS 0x000000008c900000, 0x000000008c900000| Untracked 
| 202|0x000000008ca00000, 0x000000008ca00000, 0x000000008cb00000|  0%| F|  |TAMS 0x000000008ca00000, 0x000000008ca00000| Untracked 
| 203|0x000000008cb00000, 0x000000008cb00000, 0x000000008cc00000|  0%| F|  |TAMS 0x000000008cb00000, 0x000000008cb00000| Untracked 
| 204|0x000000008cc00000, 0x000000008cc00000, 0x000000008cd00000|  0%| F|  |TAMS 0x000000008cc00000, 0x000000008cc00000| Untracked 
| 205|0x000000008cd00000, 0x000000008cd00000, 0x000000008ce00000|  0%| F|  |TAMS 0x000000008cd00000, 0x000000008cd00000| Untracked 
| 206|0x000000008ce00000, 0x000000008ce00000, 0x000000008cf00000|  0%| F|  |TAMS 0x000000008ce00000, 0x000000008ce00000| Untracked 
| 207|0x000000008cf00000, 0x000000008cf00000, 0x000000008d000000|  0%| F|  |TAMS 0x000000008cf00000, 0x000000008cf00000| Untracked 
| 208|0x000000008d000000, 0x000000008d000000, 0x000000008d100000|  0%| F|  |TAMS 0x000000008d000000, 0x000000008d000000| Untracked 
| 209|0x000000008d100000, 0x000000008d100000, 0x000000008d200000|  0%| F|  |TAMS 0x000000008d100000, 0x000000008d100000| Untracked 
| 210|0x000000008d200000, 0x000000008d200000, 0x000000008d300000|  0%| F|  |TAMS 0x000000008d200000, 0x000000008d200000| Untracked 
| 211|0x000000008d300000, 0x000000008d300000, 0x000000008d400000|  0%| F|  |TAMS 0x000000008d300000, 0x000000008d300000| Untracked 
| 212|0x000000008d400000, 0x000000008d400000, 0x000000008d500000|  0%| F|  |TAMS 0x000000008d400000, 0x000000008d400000| Untracked 
| 213|0x000000008d500000, 0x000000008d500000, 0x000000008d600000|  0%| F|  |TAMS 0x000000008d500000, 0x000000008d500000| Untracked 
| 214|0x000000008d600000, 0x000000008d600000, 0x000000008d700000|  0%| F|  |TAMS 0x000000008d600000, 0x000000008d600000| Untracked 
| 215|0x000000008d700000, 0x000000008d700000, 0x000000008d800000|  0%| F|  |TAMS 0x000000008d700000, 0x000000008d700000| Untracked 
| 216|0x000000008d800000, 0x000000008d800000, 0x000000008d900000|  0%| F|  |TAMS 0x000000008d800000, 0x000000008d800000| Untracked 
| 217|0x000000008d900000, 0x000000008d900000, 0x000000008da00000|  0%| F|  |TAMS 0x000000008d900000, 0x000000008d900000| Untracked 
| 218|0x000000008da00000, 0x000000008da00000, 0x000000008db00000|  0%| F|  |TAMS 0x000000008da00000, 0x000000008da00000| Untracked 
| 219|0x000000008db00000, 0x000000008db00000, 0x000000008dc00000|  0%| F|  |TAMS 0x000000008db00000, 0x000000008db00000| Untracked 
| 220|0x000000008dc00000, 0x000000008dc03ec8, 0x000000008dd00000|  1%| E|  |TAMS 0x000000008dc00000, 0x000000008dc00000| Complete 
| 221|0x000000008dd00000, 0x000000008de00000, 0x000000008de00000|100%| E|CS|TAMS 0x000000008dd00000, 0x000000008dd00000| Complete 
| 222|0x000000008de00000, 0x000000008df00000, 0x000000008df00000|100%| E|CS|TAMS 0x000000008de00000, 0x000000008de00000| Complete 
| 223|0x000000008df00000, 0x000000008e000000, 0x000000008e000000|100%| E|CS|TAMS 0x000000008df00000, 0x000000008df00000| Complete 
| 224|0x000000008e000000, 0x000000008e100000, 0x000000008e100000|100%| E|CS|TAMS 0x000000008e000000, 0x000000008e000000| Complete 
| 225|0x000000008e100000, 0x000000008e200000, 0x000000008e200000|100%| E|CS|TAMS 0x000000008e100000, 0x000000008e100000| Complete 
| 226|0x000000008e200000, 0x000000008e300000, 0x000000008e300000|100%| E|CS|TAMS 0x000000008e200000, 0x000000008e200000| Complete 
| 227|0x000000008e300000, 0x000000008e400000, 0x000000008e400000|100%| E|CS|TAMS 0x000000008e300000, 0x000000008e300000| Complete 
| 228|0x000000008e400000, 0x000000008e500000, 0x000000008e500000|100%| E|CS|TAMS 0x000000008e400000, 0x000000008e400000| Complete 
| 229|0x000000008e500000, 0x000000008e600000, 0x000000008e600000|100%| E|CS|TAMS 0x000000008e500000, 0x000000008e500000| Complete 
| 230|0x000000008e600000, 0x000000008e700000, 0x000000008e700000|100%| E|CS|TAMS 0x000000008e600000, 0x000000008e600000| Complete 
| 231|0x000000008e700000, 0x000000008e800000, 0x000000008e800000|100%| E|CS|TAMS 0x000000008e700000, 0x000000008e700000| Complete 
| 232|0x000000008e800000, 0x000000008e900000, 0x000000008e900000|100%| E|CS|TAMS 0x000000008e800000, 0x000000008e800000| Complete 
| 233|0x000000008e900000, 0x000000008ea00000, 0x000000008ea00000|100%| E|CS|TAMS 0x000000008e900000, 0x000000008e900000| Complete 
| 234|0x000000008ea00000, 0x000000008eb00000, 0x000000008eb00000|100%| E|CS|TAMS 0x000000008ea00000, 0x000000008ea00000| Complete 
| 235|0x000000008eb00000, 0x000000008ec00000, 0x000000008ec00000|100%| E|CS|TAMS 0x000000008eb00000, 0x000000008eb00000| Complete 
| 236|0x000000008ec00000, 0x000000008ed00000, 0x000000008ed00000|100%| E|CS|TAMS 0x000000008ec00000, 0x000000008ec00000| Complete 
| 237|0x000000008ed00000, 0x000000008ee00000, 0x000000008ee00000|100%| E|CS|TAMS 0x000000008ed00000, 0x000000008ed00000| Complete 
| 238|0x000000008ee00000, 0x000000008ef00000, 0x000000008ef00000|100%| E|CS|TAMS 0x000000008ee00000, 0x000000008ee00000| Complete 
| 239|0x000000008ef00000, 0x000000008f000000, 0x000000008f000000|100%| E|CS|TAMS 0x000000008ef00000, 0x000000008ef00000| Complete 
| 240|0x000000008f000000, 0x000000008f100000, 0x000000008f100000|100%| E|CS|TAMS 0x000000008f000000, 0x000000008f000000| Complete 
| 241|0x000000008f100000, 0x000000008f200000, 0x000000008f200000|100%| E|CS|TAMS 0x000000008f100000, 0x000000008f100000| Complete 
| 242|0x000000008f200000, 0x000000008f300000, 0x000000008f300000|100%| E|CS|TAMS 0x000000008f200000, 0x000000008f200000| Complete 
| 243|0x000000008f300000, 0x000000008f400000, 0x000000008f400000|100%| E|CS|TAMS 0x000000008f300000, 0x000000008f300000| Complete 
| 244|0x000000008f400000, 0x000000008f500000, 0x000000008f500000|100%| E|CS|TAMS 0x000000008f400000, 0x000000008f400000| Complete 
| 245|0x000000008f500000, 0x000000008f600000, 0x000000008f600000|100%| E|CS|TAMS 0x000000008f500000, 0x000000008f500000| Complete 
| 246|0x000000008f600000, 0x000000008f700000, 0x000000008f700000|100%| E|CS|TAMS 0x000000008f600000, 0x000000008f600000| Complete 
| 247|0x000000008f700000, 0x000000008f800000, 0x000000008f800000|100%| E|CS|TAMS 0x000000008f700000, 0x000000008f700000| Complete 
| 248|0x000000008f800000, 0x000000008f900000, 0x000000008f900000|100%| E|  |TAMS 0x000000008f800000, 0x000000008f800000| Complete 
| 249|0x000000008f900000, 0x000000008fa00000, 0x000000008fa00000|100%| E|CS|TAMS 0x000000008f900000, 0x000000008f900000| Complete 
| 250|0x000000008fa00000, 0x000000008fb00000, 0x000000008fb00000|100%| E|CS|TAMS 0x000000008fa00000, 0x000000008fa00000| Complete 
| 251|0x000000008fb00000, 0x000000008fc00000, 0x000000008fc00000|100%| E|CS|TAMS 0x000000008fb00000, 0x000000008fb00000| Complete 
| 252|0x000000008fc00000, 0x000000008fd00000, 0x000000008fd00000|100%| E|CS|TAMS 0x000000008fc00000, 0x000000008fc00000| Complete 
| 253|0x000000008fd00000, 0x000000008fe00000, 0x000000008fe00000|100%| E|CS|TAMS 0x000000008fd00000, 0x000000008fd00000| Complete 
| 254|0x000000008fe00000, 0x000000008ff00000, 0x000000008ff00000|100%| E|CS|TAMS 0x000000008fe00000, 0x000000008fe00000| Complete 
| 255|0x000000008ff00000, 0x0000000090000000, 0x0000000090000000|100%| E|CS|TAMS 0x000000008ff00000, 0x000000008ff00000| Complete 
| 256|0x0000000090000000, 0x0000000090100000, 0x0000000090100000|100%| E|CS|TAMS 0x0000000090000000, 0x0000000090000000| Complete 
| 257|0x0000000090100000, 0x0000000090200000, 0x0000000090200000|100%| E|CS|TAMS 0x0000000090100000, 0x0000000090100000| Complete 
| 258|0x0000000090200000, 0x0000000090300000, 0x0000000090300000|100%| E|CS|TAMS 0x0000000090200000, 0x0000000090200000| Complete 
| 259|0x0000000090300000, 0x0000000090400000, 0x0000000090400000|100%| E|CS|TAMS 0x0000000090300000, 0x0000000090300000| Complete 
| 260|0x0000000090400000, 0x0000000090500000, 0x0000000090500000|100%| E|CS|TAMS 0x0000000090400000, 0x0000000090400000| Complete 
| 261|0x0000000090500000, 0x0000000090600000, 0x0000000090600000|100%| E|CS|TAMS 0x0000000090500000, 0x0000000090500000| Complete 
| 262|0x0000000090600000, 0x0000000090700000, 0x0000000090700000|100%| E|CS|TAMS 0x0000000090600000, 0x0000000090600000| Complete 
| 263|0x0000000090700000, 0x0000000090800000, 0x0000000090800000|100%| E|CS|TAMS 0x0000000090700000, 0x0000000090700000| Complete 
| 264|0x0000000090800000, 0x0000000090900000, 0x0000000090900000|100%| E|CS|TAMS 0x0000000090800000, 0x0000000090800000| Complete 
| 265|0x0000000090900000, 0x0000000090a00000, 0x0000000090a00000|100%| E|CS|TAMS 0x0000000090900000, 0x0000000090900000| Complete 
| 266|0x0000000090a00000, 0x0000000090b00000, 0x0000000090b00000|100%| E|CS|TAMS 0x0000000090a00000, 0x0000000090a00000| Complete 

Card table byte_map: [0x000001f25d120000,0x000001f25d520000] _byte_map_base: 0x000001f25cd20000

Marking Bits (Prev, Next): (CMBitMap*) 0x000001f245eca340, (CMBitMap*) 0x000001f245eca380
 Prev Bits: [0x000001f25d920000, 0x000001f25f920000)
 Next Bits: [0x000001f25f920000, 0x000001f261920000)

Polling page: 0x000001f243dc0000

Metaspace:

Usage:
  Non-class:     97.97 MB used.
      Class:     15.98 MB used.
       Both:    113.95 MB used.

Virtual space:
  Non-class space:      128.00 MB reserved,      98.81 MB ( 77%) committed,  2 nodes.
      Class space:      416.00 MB reserved,      16.75 MB (  4%) committed,  1 nodes.
             Both:      544.00 MB reserved,     115.56 MB ( 21%) committed. 

Chunk freelists:
   Non-Class:  12.80 MB
       Class:  15.08 MB
        Both:  27.88 MB

MaxMetaspaceSize: 512.00 MB
CompressedClassSpaceSize: 416.00 MB
Initial GC threshold: 21.00 MB
Current GC threshold: 184.06 MB
CDS: on
MetaspaceReclaimPolicy: balanced
 - commit_granule_bytes: 65536.
 - commit_granule_words: 8192.
 - virtual_space_node_default_size: 8388608.
 - enlarge_chunks_in_place: 1.
 - new_chunks_are_fully_committed: 0.
 - uncommit_free_chunks: 1.
 - use_allocation_guard: 0.
 - handle_deallocations: 1.


Internal statistics:

num_allocs_failed_limit: 12.
num_arena_births: 2448.
num_arena_deaths: 6.
num_vsnodes_births: 3.
num_vsnodes_deaths: 0.
num_space_committed: 1849.
num_space_uncommitted: 0.
num_chunks_returned_to_freelist: 19.
num_chunks_taken_from_freelist: 7939.
num_chunk_merges: 12.
num_chunk_splits: 5111.
num_chunks_enlarged: 3181.
num_inconsistent_stats: 0.

CodeHeap 'non-profiled nmethods': size=120000Kb used=10895Kb max_used=10895Kb free=109104Kb
 bounds [0x000001f2554c0000, 0x000001f255f70000, 0x000001f25c9f0000]
CodeHeap 'profiled nmethods': size=120000Kb used=29710Kb max_used=29710Kb free=90289Kb
 bounds [0x000001f24d9f0000, 0x000001f24f700000, 0x000001f254f20000]
CodeHeap 'non-nmethods': size=5760Kb used=1772Kb max_used=1851Kb free=3987Kb
 bounds [0x000001f254f20000, 0x000001f255190000, 0x000001f2554c0000]
 total_blobs=15700 nmethods=14834 adapters=777
 compilation: enabled
              stopped_count=0, restarted_count=0
 full_count=0

Compilation events (20 events):
Event: 125.611 Thread 0x000001f21f134ec0 17134       1       java.util.concurrent.ThreadPoolExecutor::getQueue (5 bytes)
Event: 125.611 Thread 0x000001f21f134ec0 nmethod 17134 0x000001f255f60b10 code [0x000001f255f60ca0, 0x000001f255f60d78]
Event: 125.629 Thread 0x000001f21f134ec0 17135       3       java.util.TimSort::mergeLo (659 bytes)
Event: 125.633 Thread 0x000001f21f134ec0 nmethod 17135 0x000001f24f6ed110 code [0x000001f24f6ed4a0, 0x000001f24f6ef918]
Event: 125.633 Thread 0x000001f21f134ec0 17136       3       java.beans.Introspector::getTargetPropertyInfo (293 bytes)
Event: 125.636 Thread 0x000001f21f134ec0 nmethod 17136 0x000001f24f6f0090 code [0x000001f24f6f04c0, 0x000001f24f6f2498]
Event: 125.741 Thread 0x000001f21f134ec0 17140       3       java.util.stream.Nodes$ArrayNode::<init> (43 bytes)
Event: 125.742 Thread 0x000001f21f134ec0 nmethod 17140 0x000001f24f6f2d90 code [0x000001f24f6f2f60, 0x000001f24f6f33f8]
Event: 125.743 Thread 0x000001f2258795d0 17137       4       java.util.AbstractCollection::toArray (144 bytes)
Event: 125.758 Thread 0x000001f2258795d0 nmethod 17137 0x000001f255f60e10 code [0x000001f255f60fc0, 0x000001f255f61458]
Event: 125.758 Thread 0x000001f2258795d0 17128       4       java.lang.invoke.LambdaForm::normalize (322 bytes)
Event: 126.705 Thread 0x000001f21f134ec0 17141       3       java.util.concurrent.ScheduledThreadPoolExecutor$DelayedWorkQueue::setIndex (16 bytes)
Event: 126.830 Thread 0x000001f21f134ec0 nmethod 17141 0x000001f24f6f3590 code [0x000001f24f6f3740, 0x000001f24f6f3a58]
Event: 126.842 Thread 0x000001f2258795d0 nmethod 17128 0x000001f255f61790 code [0x000001f255f619a0, 0x000001f255f62ab8]
Event: 126.843 Thread 0x000001f2258795d0 17127       4       java.lang.invoke.DelegatingMethodHandle::whichKind (44 bytes)
Event: 126.844 Thread 0x000001f2258795d0 nmethod 17127 0x000001f255f63510 code [0x000001f255f636a0, 0x000001f255f63738]
Event: 126.844 Thread 0x000001f2258795d0 17138       4       java.util.LinkedList::checkElementIndex (22 bytes)
Event: 126.845 Thread 0x000001f2258795d0 nmethod 17138 0x000001f255f63810 code [0x000001f255f639a0, 0x000001f255f63a58]
Event: 126.845 Thread 0x000001f2258795d0 17139       4       java.util.LinkedList::isElementIndex (18 bytes)
Event: 126.846 Thread 0x000001f2258795d0 nmethod 17139 0x000001f255f63b10 code [0x000001f255f63ca0, 0x000001f255f63d58]

GC Heap History (20 events):
Event: 106.792 GC heap before
{Heap before GC invocations=59 (full 0):
 garbage-first heap   total 184320K, used 161529K [0x0000000080000000, 0x0000000100000000)
  region size 1024K, 18 young (18432K), 3 survivors (3072K)
 Metaspace       used 101204K, committed 102656K, reserved 557056K
  class space    used 14002K, committed 14720K, reserved 425984K
}
Event: 106.797 GC heap after
{Heap after GC invocations=60 (full 0):
 garbage-first heap   total 184320K, used 147151K [0x0000000080000000, 0x0000000100000000)
  region size 1024K, 2 young (2048K), 2 survivors (2048K)
 Metaspace       used 101204K, committed 102656K, reserved 557056K
  class space    used 14002K, committed 14720K, reserved 425984K
}
Event: 107.124 GC heap before
{Heap before GC invocations=60 (full 0):
 garbage-first heap   total 184320K, used 160463K [0x0000000080000000, 0x0000000100000000)
  region size 1024K, 15 young (15360K), 2 survivors (2048K)
 Metaspace       used 101257K, committed 102720K, reserved 557056K
  class space    used 14008K, committed 14720K, reserved 425984K
}
Event: 107.129 GC heap after
{Heap after GC invocations=61 (full 0):
 garbage-first heap   total 221184K, used 148295K [0x0000000080000000, 0x0000000100000000)
  region size 1024K, 2 young (2048K), 2 survivors (2048K)
 Metaspace       used 101257K, committed 102720K, reserved 557056K
  class space    used 14008K, committed 14720K, reserved 425984K
}
Event: 108.311 GC heap before
{Heap before GC invocations=61 (full 0):
 garbage-first heap   total 221184K, used 187207K [0x0000000080000000, 0x0000000100000000)
  region size 1024K, 40 young (40960K), 2 survivors (2048K)
 Metaspace       used 103236K, committed 104640K, reserved 557056K
  class space    used 14266K, committed 14976K, reserved 425984K
}
Event: 108.317 GC heap after
{Heap after GC invocations=62 (full 0):
 garbage-first heap   total 221184K, used 150218K [0x0000000080000000, 0x0000000100000000)
  region size 1024K, 3 young (3072K), 3 survivors (3072K)
 Metaspace       used 103236K, committed 104640K, reserved 557056K
  class space    used 14266K, committed 14976K, reserved 425984K
}
Event: 108.773 GC heap before
{Heap before GC invocations=62 (full 0):
 garbage-first heap   total 221184K, used 175818K [0x0000000080000000, 0x0000000100000000)
  region size 1024K, 29 young (29696K), 3 survivors (3072K)
 Metaspace       used 104546K, committed 105920K, reserved 557056K
  class space    used 14466K, committed 15168K, reserved 425984K
}
Event: 108.778 GC heap after
{Heap after GC invocations=63 (full 0):
 garbage-first heap   total 221184K, used 151167K [0x0000000080000000, 0x0000000100000000)
  region size 1024K, 4 young (4096K), 4 survivors (4096K)
 Metaspace       used 104546K, committed 105920K, reserved 557056K
  class space    used 14466K, committed 15168K, reserved 425984K
}
Event: 109.626 GC heap before
{Heap before GC invocations=64 (full 0):
 garbage-first heap   total 268288K, used 185983K [0x0000000080000000, 0x0000000100000000)
  region size 1024K, 38 young (38912K), 4 survivors (4096K)
 Metaspace       used 106203K, committed 107712K, reserved 557056K
  class space    used 14752K, committed 15488K, reserved 425984K
}
Event: 109.634 GC heap after
{Heap after GC invocations=65 (full 0):
 garbage-first heap   total 268288K, used 152083K [0x0000000080000000, 0x0000000100000000)
  region size 1024K, 2 young (2048K), 2 survivors (2048K)
 Metaspace       used 106203K, committed 107712K, reserved 557056K
  class space    used 14752K, committed 15488K, reserved 425984K
}
Event: 109.846 GC heap before
{Heap before GC invocations=65 (full 0):
 garbage-first heap   total 268288K, used 163347K [0x0000000080000000, 0x0000000100000000)
  region size 1024K, 13 young (13312K), 2 survivors (2048K)
 Metaspace       used 106889K, committed 108352K, reserved 557056K
  class space    used 14880K, committed 15552K, reserved 425984K
}
Event: 109.851 GC heap after
{Heap after GC invocations=66 (full 0):
 garbage-first heap   total 268288K, used 148409K [0x0000000080000000, 0x0000000100000000)
  region size 1024K, 2 young (2048K), 2 survivors (2048K)
 Metaspace       used 106889K, committed 108352K, reserved 557056K
  class space    used 14880K, committed 15552K, reserved 425984K
}
Event: 111.728 GC heap before
{Heap before GC invocations=66 (full 0):
 garbage-first heap   total 268288K, used 226233K [0x0000000080000000, 0x0000000100000000)
  region size 1024K, 78 young (79872K), 2 survivors (2048K)
 Metaspace       used 111024K, committed 112512K, reserved 557056K
  class space    used 15494K, committed 16192K, reserved 425984K
}
Event: 111.734 GC heap after
{Heap after GC invocations=67 (full 0):
 garbage-first heap   total 268288K, used 150835K [0x0000000080000000, 0x0000000100000000)
  region size 1024K, 4 young (4096K), 4 survivors (4096K)
 Metaspace       used 111024K, committed 112512K, reserved 557056K
  class space    used 15494K, committed 16192K, reserved 425984K
}
Event: 116.375 GC heap before
{Heap before GC invocations=68 (full 0):
 garbage-first heap   total 273408K, used 227635K [0x0000000080000000, 0x0000000100000000)
  region size 1024K, 79 young (80896K), 4 survivors (4096K)
 Metaspace       used 113894K, committed 115456K, reserved 557056K
  class space    used 15931K, committed 16704K, reserved 425984K
}
Event: 116.395 GC heap after
{Heap after GC invocations=69 (full 0):
 garbage-first heap   total 273408K, used 158845K [0x0000000080000000, 0x0000000100000000)
  region size 1024K, 10 young (10240K), 10 survivors (10240K)
 Metaspace       used 113894K, committed 115456K, reserved 557056K
  class space    used 15931K, committed 16704K, reserved 425984K
}
Event: 116.460 GC heap before
{Heap before GC invocations=69 (full 0):
 garbage-first heap   total 273408K, used 161917K [0x0000000080000000, 0x0000000100000000)
  region size 1024K, 13 young (13312K), 10 survivors (10240K)
 Metaspace       used 114039K, committed 115584K, reserved 557056K
  class space    used 15951K, committed 16704K, reserved 425984K
}
Event: 116.478 GC heap after
{Heap after GC invocations=70 (full 0):
 garbage-first heap   total 273408K, used 158144K [0x0000000080000000, 0x0000000100000000)
  region size 1024K, 2 young (2048K), 2 survivors (2048K)
 Metaspace       used 114039K, committed 115584K, reserved 557056K
  class space    used 15951K, committed 16704K, reserved 425984K
}
Event: 123.002 GC heap before
{Heap before GC invocations=70 (full 0):
 garbage-first heap   total 273408K, used 229824K [0x0000000080000000, 0x0000000100000000)
  region size 1024K, 72 young (73728K), 2 survivors (2048K)
 Metaspace       used 115748K, committed 117376K, reserved 557056K
  class space    used 16213K, committed 17024K, reserved 425984K
}
Event: 123.023 GC heap after
{Heap after GC invocations=71 (full 0):
 garbage-first heap   total 273408K, used 169406K [0x0000000080000000, 0x0000000100000000)
  region size 1024K, 9 young (9216K), 9 survivors (9216K)
 Metaspace       used 115748K, committed 117376K, reserved 557056K
  class space    used 16213K, committed 17024K, reserved 425984K
}

Dll operation events (15 events):
Event: 0.023 Loaded shared library C:\Users\dell\AppData\Local\Programs\Eclipse Adoptium\jdk-17.0.20.8-hotspot\bin\java.dll
Event: 0.053 Loaded shared library C:\Users\dell\AppData\Local\Programs\Eclipse Adoptium\jdk-17.0.20.8-hotspot\bin\jsvml.dll
Event: 0.155 Loaded shared library C:\Users\dell\AppData\Local\Programs\Eclipse Adoptium\jdk-17.0.20.8-hotspot\bin\zip.dll
Event: 0.161 Loaded shared library C:\Users\dell\AppData\Local\Programs\Eclipse Adoptium\jdk-17.0.20.8-hotspot\bin\instrument.dll
Event: 0.169 Loaded shared library C:\Users\dell\AppData\Local\Programs\Eclipse Adoptium\jdk-17.0.20.8-hotspot\bin\net.dll
Event: 0.173 Loaded shared library C:\Users\dell\AppData\Local\Programs\Eclipse Adoptium\jdk-17.0.20.8-hotspot\bin\nio.dll
Event: 0.179 Loaded shared library C:\Users\dell\AppData\Local\Programs\Eclipse Adoptium\jdk-17.0.20.8-hotspot\bin\zip.dll
Event: 0.924 Loaded shared library C:\Users\dell\AppData\Local\Programs\Eclipse Adoptium\jdk-17.0.20.8-hotspot\bin\jimage.dll
Event: 1.445 Loaded shared library C:\Users\dell\AppData\Local\Programs\Eclipse Adoptium\jdk-17.0.20.8-hotspot\bin\verify.dll
Event: 1.535 Loaded shared library C:\Users\dell\.gradle\native\660c5614fbf4a5f2a75b1949f50a0caf5cd603558e7d8a26e50b933a0cfb79d1\windows-amd64\native-platform.dll
Event: 1.565 Loaded shared library C:\Users\dell\.gradle\native\0.2.8\x86_64-windows-gnu\gradle-fileevents.dll
Event: 24.644 Loaded shared library C:\Users\dell\AppData\Local\Programs\Eclipse Adoptium\jdk-17.0.20.8-hotspot\bin\management.dll
Event: 24.648 Loaded shared library C:\Users\dell\AppData\Local\Programs\Eclipse Adoptium\jdk-17.0.20.8-hotspot\bin\management_ext.dll
Event: 25.035 Loaded shared library C:\Users\dell\AppData\Local\Programs\Eclipse Adoptium\jdk-17.0.20.8-hotspot\bin\extnet.dll
Event: 25.698 Loaded shared library C:\Users\dell\AppData\Local\Programs\Eclipse Adoptium\jdk-17.0.20.8-hotspot\bin\sunmscapi.dll

Deoptimization events (20 events):
Event: 125.602 Thread 0x000001f21f2418b0 Uncommon trap: trap_request=0xffffff76 fr.pc=0x000001f255f60728 relative=0x00000000000003e8
Event: 125.602 Thread 0x000001f21f2418b0 Uncommon trap: reason=predicate action=maybe_recompile pc=0x000001f255f60728 method=java.util.AbstractCollection.toArray([Ljava/lang/Object;)[Ljava/lang/Object; @ 43 c2
Event: 125.602 Thread 0x000001f21f2418b0 DEOPT PACKING pc=0x000001f255f60728 sp=0x0000008aeb3f3cf0
Event: 125.602 Thread 0x000001f21f2418b0 DEOPT UNPACKING pc=0x000001f254f769a3 sp=0x0000008aeb3f3c88 mode 2
Event: 126.889 Thread 0x000001f21f2418b0 Uncommon trap: trap_request=0xffffffd6 fr.pc=0x000001f255f61364 relative=0x00000000000003a4
Event: 126.889 Thread 0x000001f21f2418b0 Uncommon trap: reason=array_check action=maybe_recompile pc=0x000001f255f61364 method=java.util.AbstractCollection.toArray([Ljava/lang/Object;)[Ljava/lang/Object; @ 116 c2
Event: 126.889 Thread 0x000001f21f2418b0 DEOPT PACKING pc=0x000001f255f61364 sp=0x0000008aeb3f11f0
Event: 126.889 Thread 0x000001f21f2418b0 DEOPT UNPACKING pc=0x000001f254f769a3 sp=0x0000008aeb3f1190 mode 2
Event: 126.889 Thread 0x000001f21f2418b0 Uncommon trap: trap_request=0xffffffd6 fr.pc=0x000001f255f61364 relative=0x00000000000003a4
Event: 126.889 Thread 0x000001f21f2418b0 Uncommon trap: reason=array_check action=maybe_recompile pc=0x000001f255f61364 method=java.util.AbstractCollection.toArray([Ljava/lang/Object;)[Ljava/lang/Object; @ 116 c2
Event: 126.889 Thread 0x000001f21f2418b0 DEOPT PACKING pc=0x000001f255f61364 sp=0x0000008aeb3f1050
Event: 126.889 Thread 0x000001f21f2418b0 DEOPT UNPACKING pc=0x000001f254f769a3 sp=0x0000008aeb3f0ff0 mode 2
Event: 126.889 Thread 0x000001f21f2418b0 Uncommon trap: trap_request=0xffffffd6 fr.pc=0x000001f255f61364 relative=0x00000000000003a4
Event: 126.889 Thread 0x000001f21f2418b0 Uncommon trap: reason=array_check action=maybe_recompile pc=0x000001f255f61364 method=java.util.AbstractCollection.toArray([Ljava/lang/Object;)[Ljava/lang/Object; @ 116 c2
Event: 126.889 Thread 0x000001f21f2418b0 DEOPT PACKING pc=0x000001f255f61364 sp=0x0000008aeb3f1050
Event: 126.889 Thread 0x000001f21f2418b0 DEOPT UNPACKING pc=0x000001f254f769a3 sp=0x0000008aeb3f0ff0 mode 2
Event: 126.897 Thread 0x000001f21f2418b0 Uncommon trap: trap_request=0xffffffd6 fr.pc=0x000001f255f61364 relative=0x00000000000003a4
Event: 126.898 Thread 0x000001f21f2418b0 Uncommon trap: reason=array_check action=maybe_recompile pc=0x000001f255f61364 method=java.util.AbstractCollection.toArray([Ljava/lang/Object;)[Ljava/lang/Object; @ 116 c2
Event: 126.898 Thread 0x000001f21f2418b0 DEOPT PACKING pc=0x000001f255f61364 sp=0x0000008aeb3f09b0
Event: 126.898 Thread 0x000001f21f2418b0 DEOPT UNPACKING pc=0x000001f254f769a3 sp=0x0000008aeb3f0950 mode 2

Classes loaded (20 events):
Event: 109.280 Loading class java/util/regex/Pattern$Caret
Event: 109.280 Loading class java/util/regex/Pattern$Caret done
Event: 110.676 Loading class java/net/Proxy
Event: 110.677 Loading class java/net/Proxy done
Event: 110.677 Loading class java/net/Proxy$Type
Event: 110.677 Loading class java/net/Proxy$Type done
Event: 110.841 Loading class java/io/FileReader
Event: 110.841 Loading class java/io/FileReader done
Event: 110.968 Loading class jdk/internal/reflect/UnsafeQualifiedIntegerFieldAccessorImpl
Event: 110.969 Loading class jdk/internal/reflect/UnsafeQualifiedIntegerFieldAccessorImpl done
Event: 119.640 Loading class java/beans/ParameterDescriptor
Event: 119.642 Loading class java/beans/ParameterDescriptor done
Event: 120.730 Loading class java/util/AbstractSetBeanInfo
Event: 120.730 Loading class java/util/AbstractSetBeanInfo done
Event: 120.732 Loading class java/util/AbstractSetBeanInfo
Event: 120.732 Loading class java/util/AbstractSetBeanInfo done
Event: 120.732 Loading class java/util/AbstractSetCustomizer
Event: 120.732 Loading class java/util/AbstractSetCustomizer done
Event: 120.734 Loading class java/util/AbstractSetCustomizer
Event: 120.734 Loading class java/util/AbstractSetCustomizer done

Classes unloaded (3 events):
Event: 108.978 Thread 0x000001f2643a55f0 Unloading class 0x000001f201b64400 'java/lang/invoke/LambdaForm$DMH+0x000001f201b64400'
Event: 108.978 Thread 0x000001f2643a55f0 Unloading class 0x000001f201b48c00 'java/lang/invoke/LambdaForm$MH+0x000001f201b48c00'
Event: 108.978 Thread 0x000001f2643a55f0 Unloading class 0x000001f201b48400 'java/lang/invoke/LambdaForm$DMH+0x000001f201b48400'

Classes redefined (0 events):
No events

Internal exceptions (20 events):
Event: 125.672 Thread 0x000001f21f2418b0 Exception <a 'java/lang/ClassNotFoundException'{0x000000008e6f82f0}: org/gradle/api/internal/provider/AbstractPropertyCustomizer> (0x000000008e6f82f0) 
thrown [s\src\hotspot\share\classfile\systemDictionary.cpp, line 257]
Event: 125.677 Thread 0x000001f21f2418b0 Exception <a 'java/lang/ClassNotFoundException'{0x000000008e538cc0}: org/gradle/api/internal/provider/DefaultPropertyCustomizer> (0x000000008e538cc0) 
thrown [s\src\hotspot\share\classfile\systemDictionary.cpp, line 257]
Event: 125.693 Thread 0x000001f21f2418b0 Exception <a 'java/lang/ClassNotFoundException'{0x000000008e5e2410}: com/apollographql/apollo/gradle/internal/DefaultIntrospection_DecoratedBeanInfo> (0x000000008e5e2410) 
thrown [s\src\hotspot\share\classfile\systemDictionary.cpp, line 257]
Event: 125.696 Thread 0x000001f21f2418b0 Exception <a 'java/lang/ClassNotFoundException'{0x000000008e403078}: com/apollographql/apollo/gradle/internal/DefaultIntrospectionBeanInfo> (0x000000008e403078) 
thrown [s\src\hotspot\share\classfile\systemDictionary.cpp, line 257]
Event: 125.698 Thread 0x000001f21f2418b0 Exception <a 'java/lang/ClassNotFoundException'{0x000000008e423be8}: com/apollographql/apollo/gradle/internal/DefaultIntrospectionCustomizer> (0x000000008e423be8) 
thrown [s\src\hotspot\share\classfile\systemDictionary.cpp, line 257]
Event: 125.702 Thread 0x000001f21f2418b0 Exception <a 'java/lang/ClassNotFoundException'{0x000000008e44e5a8}: com/apollographql/apollo/gradle/internal/DefaultIntrospection_DecoratedCustomizer> (0x000000008e44e5a8) 
thrown [s\src\hotspot\share\classfile\systemDictionary.cpp, line 257]
Event: 125.707 Thread 0x000001f21f2418b0 Exception <a 'java/lang/ClassNotFoundException'{0x000000008e48d3a8}: build_4h6pgug9u9shla4lb8o2i21ie$_run_closure3$_closure14BeanInfo> (0x000000008e48d3a8) 
thrown [s\src\hotspot\share\classfile\systemDictionary.cpp, line 257]
Event: 125.708 Thread 0x000001f21f2418b0 Exception <a 'java/lang/ClassNotFoundException'{0x000000008e4a31d0}: build_4h6pgug9u9shla4lb8o2i21ie$_run_closure3$_closure14Customizer> (0x000000008e4a31d0) 
thrown [s\src\hotspot\share\classfile\systemDictionary.cpp, line 257]
Event: 125.712 Thread 0x000001f21f2418b0 Exception <a 'java/lang/ClassNotFoundException'{0x000000008e4cfd08}: build_4h6pgug9u9shla4lb8o2i21ie$_run_closure3BeanInfo> (0x000000008e4cfd08) 
thrown [s\src\hotspot\share\classfile\systemDictionary.cpp, line 257]
Event: 125.713 Thread 0x000001f21f2418b0 Exception <a 'java/lang/ClassNotFoundException'{0x000000008e4e59a0}: build_4h6pgug9u9shla4lb8o2i21ie$_run_closure3Customizer> (0x000000008e4e59a0) 
thrown [s\src\hotspot\share\classfile\systemDictionary.cpp, line 257]
Event: 125.720 Thread 0x000001f21f2418b0 Exception <a 'java/lang/ClassNotFoundException'{0x000000008e341340}: org/gradle/api/internal/file/DefaultFilePropertyFactory$DefaultRegularFileVarBeanInfo> (0x000000008e341340) 
thrown [s\src\hotspot\share\classfile\systemDictionary.cpp, line 257]
Event: 125.723 Thread 0x000001f21f2418b0 Exception <a 'java/lang/ClassNotFoundException'{0x000000008e3689c0}: org/gradle/api/internal/file/DefaultFilePropertyFactory$AbstractFileVarBeanInfo> (0x000000008e3689c0) 
thrown [s\src\hotspot\share\classfile\systemDictionary.cpp, line 257]
Event: 125.725 Thread 0x000001f21f2418b0 Exception <a 'java/lang/ClassNotFoundException'{0x000000008e390358}: org/gradle/api/internal/file/DefaultFilePropertyFactory$AbstractFileVarCustomizer> (0x000000008e390358) 
thrown [s\src\hotspot\share\classfile\systemDictionary.cpp, line 257]
Event: 125.730 Thread 0x000001f21f2418b0 Exception <a 'java/lang/ClassNotFoundException'{0x000000008e3d2ac8}: org/gradle/api/internal/file/DefaultFilePropertyFactory$DefaultRegularFileVarCustomizer> (0x000000008e3d2ac8) 
thrown [s\src\hotspot\share\classfile\systemDictionary.cpp, line 257]
Event: 125.738 Thread 0x000001f21f2418b0 Exception <a 'java/lang/ClassNotFoundException'{0x000000008e22fb58}: org/gradle/api/internal/file/DefaultProjectLayoutBeanInfo> (0x000000008e22fb58) 
thrown [s\src\hotspot\share\classfile\systemDictionary.cpp, line 257]
Event: 125.740 Thread 0x000001f21f2418b0 Exception <a 'java/lang/ClassNotFoundException'{0x000000008e253e98}: org/gradle/api/internal/file/DefaultProjectLayoutCustomizer> (0x000000008e253e98) 
thrown [s\src\hotspot\share\classfile\systemDictionary.cpp, line 257]
Event: 125.748 Thread 0x000001f21f2418b0 Exception <a 'java/lang/ClassNotFoundException'{0x000000008e29cdd8}: org/gradle/api/internal/file/DefaultFilePropertyFactory$DefaultDirectoryVarBeanInfo> (0x000000008e29cdd8) 
thrown [s\src\hotspot\share\classfile\systemDictionary.cpp, line 257]
Event: 125.751 Thread 0x000001f21f2418b0 Exception <a 'java/lang/ClassNotFoundException'{0x000000008e2c1d28}: org/gradle/api/internal/file/DefaultFilePropertyFactory$DefaultDirectoryVarCustomizer> (0x000000008e2c1d28) 
thrown [s\src\hotspot\share\classfile\systemDictionary.cpp, line 257]
Event: 126.894 Thread 0x000001f21f2418b0 Exception <a 'java/lang/ClassNotFoundException'{0x000000008dd383b0}: com/apollographql/apollo/gradle/internal/DefaultDirectoryConnectionBeanInfo> (0x000000008dd383b0) 
thrown [s\src\hotspot\share\classfile\systemDictionary.cpp, line 257]
Event: 126.897 Thread 0x000001f21f2418b0 Exception <a 'java/lang/ClassNotFoundException'{0x000000008dd56d88}: com/apollographql/apollo/gradle/internal/DefaultDirectoryConnectionCustomizer> (0x000000008dd56d88) 
thrown [s\src\hotspot\share\classfile\systemDictionary.cpp, line 257]

VM Operations (20 events):
Event: 118.563 Executing VM operation: Cleanup
Event: 118.563 Executing VM operation: Cleanup done
Event: 119.570 Executing VM operation: Cleanup
Event: 119.570 Executing VM operation: Cleanup done
Event: 120.214 Executing VM operation: HandshakeAllThreads
Event: 120.214 Executing VM operation: HandshakeAllThreads done
Event: 121.224 Executing VM operation: Cleanup
Event: 121.224 Executing VM operation: Cleanup done
Event: 122.239 Executing VM operation: Cleanup
Event: 122.240 Executing VM operation: Cleanup done
Event: 123.002 Executing VM operation: G1CollectForAllocation
Event: 123.023 Executing VM operation: G1CollectForAllocation done
Event: 124.027 Executing VM operation: Cleanup
Event: 124.027 Executing VM operation: Cleanup done
Event: 125.042 Executing VM operation: Cleanup
Event: 125.042 Executing VM operation: Cleanup done
Event: 126.045 Executing VM operation: Cleanup
Event: 126.045 Executing VM operation: Cleanup done
Event: 127.048 Executing VM operation: Cleanup
Event: 127.048 Executing VM operation: Cleanup done

Memory protections (0 events):
No events

Nmethod flushes (20 events):
Event: 101.652 Thread 0x000001f21f13e440 flushing  nmethod 0x000001f24f1c2510
Event: 101.652 Thread 0x000001f21f13e440 flushing  nmethod 0x000001f24f1c3490
Event: 101.652 Thread 0x000001f21f13e440 flushing  nmethod 0x000001f24f1c7210
Event: 101.652 Thread 0x000001f21f13e440 flushing  nmethod 0x000001f24f1d0690
Event: 101.652 Thread 0x000001f21f13e440 flushing  nmethod 0x000001f24f1d0c10
Event: 101.652 Thread 0x000001f21f13e440 flushing  nmethod 0x000001f24f1d1010
Event: 101.652 Thread 0x000001f21f13e440 flushing  nmethod 0x000001f24f1d3810
Event: 101.652 Thread 0x000001f21f13e440 flushing osr nmethod 0x000001f24f1d6990
Event: 101.652 Thread 0x000001f21f13e440 flushing  nmethod 0x000001f24f1d7690
Event: 101.652 Thread 0x000001f21f13e440 flushing  nmethod 0x000001f24f1d8b10
Event: 101.652 Thread 0x000001f21f13e440 flushing  nmethod 0x000001f24f1d9090
Event: 101.652 Thread 0x000001f21f13e440 flushing  nmethod 0x000001f24f1dc590
Event: 101.652 Thread 0x000001f21f13e440 flushing  nmethod 0x000001f24f1e7590
Event: 111.014 Thread 0x000001f21f13e440 flushing  nmethod 0x000001f25595f110
Event: 111.014 Thread 0x000001f21f13e440 flushing  nmethod 0x000001f255a26790
Event: 111.023 Thread 0x000001f21f13e440 flushing  nmethod 0x000001f24e0aff90
Event: 111.024 Thread 0x000001f21f13e440 flushing  nmethod 0x000001f24e18b610
Event: 111.025 Thread 0x000001f21f13e440 flushing  nmethod 0x000001f24e2b4810
Event: 111.025 Thread 0x000001f21f13e440 flushing  nmethod 0x000001f24e2b4c10
Event: 111.028 Thread 0x000001f21f13e440 flushing  nmethod 0x000001f24e5ae790

Events (20 events):
Event: 112.771 Thread 0x000001f21f2418b0 Thread added: 0x000001f2270b7e90
Event: 112.923 Thread 0x000001f21f2418b0 Thread added: 0x000001f2270b6f60
Event: 113.877 Thread 0x000001f2258785e0 Thread exited: 0x000001f2258785e0
Event: 113.989 Thread 0x000001f21f134ec0 Thread added: 0x000001f2258785e0
Event: 116.707 Thread 0x000001f2258785e0 Thread exited: 0x000001f2258785e0
Event: 116.771 Thread 0x000001f21f134ec0 Thread added: 0x000001f2258785e0
Event: 117.182 Thread 0x000001f2258785e0 Thread exited: 0x000001f2258785e0
Event: 119.538 Thread 0x000001f21f134ec0 Thread added: 0x000001f22587b060
Event: 120.394 Thread 0x000001f22587b060 Thread exited: 0x000001f22587b060
Event: 120.736 Thread 0x000001f21f134ec0 Thread added: 0x000001f225879080
Event: 120.932 Thread 0x000001f21f134ec0 Thread added: 0x000001f22587a070
Event: 121.652 Thread 0x000001f22587a070 Thread exited: 0x000001f22587a070
Event: 121.653 Thread 0x000001f225879080 Thread exited: 0x000001f225879080
Event: 123.909 Thread 0x000001f21f134ec0 Thread added: 0x000001f225879080
Event: 124.122 Thread 0x000001f2248eb650 Thread exited: 0x000001f2248eb650
Event: 124.122 Thread 0x000001f2248ee8f0 Thread exited: 0x000001f2248ee8f0
Event: 124.138 Thread 0x000001f2248ed9c0 Thread exited: 0x000001f2248ed9c0
Event: 124.217 Thread 0x000001f2248ec070 Thread exited: 0x000001f2248ec070
Event: 124.785 Thread 0x000001f225879080 Thread exited: 0x000001f225879080
Event: 125.742 Thread 0x000001f21f134ec0 Thread added: 0x000001f2258795d0


Dynamic libraries:
0x00007ff749030000 - 0x00007ff74903e000 	C:\Users\dell\AppData\Local\Programs\Eclipse Adoptium\jdk-17.0.20.8-hotspot\bin\java.exe
0x00007ffedfd00000 - 0x00007ffedff66000 	C:\WINDOWS\SYSTEM32\ntdll.dll
0x00007ffededb0000 - 0x00007ffedee79000 	C:\WINDOWS\System32\KERNEL32.DLL
0x00007ffedd090000 - 0x00007ffedd48f000 	C:\WINDOWS\System32\KERNELBASE.dll
0x00007ffedd8d0000 - 0x00007ffedda1c000 	C:\WINDOWS\System32\ucrtbase.dll
0x00007ffecd710000 - 0x00007ffecd72e000 	C:\Users\dell\AppData\Local\Programs\Eclipse Adoptium\jdk-17.0.20.8-hotspot\bin\VCRUNTIME140.dll
0x00007ffecd830000 - 0x00007ffecd848000 	C:\Users\dell\AppData\Local\Programs\Eclipse Adoptium\jdk-17.0.20.8-hotspot\bin\jli.dll
0x00007ffedeac0000 - 0x00007ffedec86000 	C:\WINDOWS\System32\USER32.dll
0x00007ffedcfd0000 - 0x00007ffedcff7000 	C:\WINDOWS\System32\win32u.dll
0x00007ffeb7d40000 - 0x00007ffeb7fd1000 	C:\WINDOWS\WinSxS\amd64_microsoft.windows.common-controls_6595b64144ccf1df_6.0.26100.8972_none_3e0da176e32f9d4b\COMCTL32.dll
0x00007ffeded00000 - 0x00007ffededa9000 	C:\WINDOWS\System32\msvcrt.dll
0x00007ffedf870000 - 0x00007ffedf89b000 	C:\WINDOWS\System32\GDI32.dll
0x00007ffedd4a0000 - 0x00007ffedd5c9000 	C:\WINDOWS\System32\gdi32full.dll
0x00007ffedd760000 - 0x00007ffedd803000 	C:\WINDOWS\System32\msvcp_win.dll
0x00007ffede7e0000 - 0x00007ffede812000 	C:\WINDOWS\System32\IMM32.DLL
0x00007ffed7740000 - 0x00007ffed774c000 	C:\Users\dell\AppData\Local\Programs\Eclipse Adoptium\jdk-17.0.20.8-hotspot\bin\vcruntime140_1.dll
0x00007ffec5c30000 - 0x00007ffec5cbd000 	C:\Users\dell\AppData\Local\Programs\Eclipse Adoptium\jdk-17.0.20.8-hotspot\bin\msvcp140.dll
0x00007ffe6f150000 - 0x00007ffe6fdbc000 	C:\Users\dell\AppData\Local\Programs\Eclipse Adoptium\jdk-17.0.20.8-hotspot\bin\server\jvm.dll
0x00007ffedfbf0000 - 0x00007ffedfcac000 	C:\WINDOWS\System32\ADVAPI32.dll
0x00007ffedf8a0000 - 0x00007ffedf94a000 	C:\WINDOWS\System32\sechost.dll
0x00007ffedf3a0000 - 0x00007ffedf4b8000 	C:\WINDOWS\System32\RPCRT4.dll
0x00007ffedf4c0000 - 0x00007ffedf542000 	C:\WINDOWS\System32\WS2_32.dll
0x00007ffedcd70000 - 0x00007ffedcdce000 	C:\WINDOWS\SYSTEM32\POWRPROF.dll
0x00007ffe99360000 - 0x00007ffe99396000 	C:\WINDOWS\SYSTEM32\WINMM.dll
0x00007ffecae30000 - 0x00007ffecae3b000 	C:\WINDOWS\SYSTEM32\VERSION.dll
0x00007ffedcd50000 - 0x00007ffedcd65000 	C:\WINDOWS\SYSTEM32\UMPDC.dll
0x00007ffedbbc0000 - 0x00007ffedbbdb000 	C:\WINDOWS\SYSTEM32\kernel.appcore.dll
0x00007ffed7540000 - 0x00007ffed754a000 	C:\Users\dell\AppData\Local\Programs\Eclipse Adoptium\jdk-17.0.20.8-hotspot\bin\jimage.dll
0x00007ffed9ba0000 - 0x00007ffed9de2000 	C:\WINDOWS\SYSTEM32\DBGHELP.DLL
0x00007ffedda60000 - 0x00007ffeddde5000 	C:\WINDOWS\System32\combase.dll
0x00007ffedf640000 - 0x00007ffedf719000 	C:\WINDOWS\System32\OLEAUT32.dll
0x00007ffec5980000 - 0x00007ffec59bb000 	C:\WINDOWS\SYSTEM32\dbgcore.DLL
0x00007ffedd810000 - 0x00007ffedd8bc000 	C:\WINDOWS\System32\bcryptPrimitives.dll
0x00007ffec8bc0000 - 0x00007ffec8bce000 	C:\Users\dell\AppData\Local\Programs\Eclipse Adoptium\jdk-17.0.20.8-hotspot\bin\instrument.dll
0x00007ffecb7d0000 - 0x00007ffecb7f5000 	C:\Users\dell\AppData\Local\Programs\Eclipse Adoptium\jdk-17.0.20.8-hotspot\bin\java.dll
0x00007ffe7bff0000 - 0x00007ffe7c0c7000 	C:\Users\dell\AppData\Local\Programs\Eclipse Adoptium\jdk-17.0.20.8-hotspot\bin\jsvml.dll
0x00007ffedddf0000 - 0x00007ffede578000 	C:\WINDOWS\System32\SHELL32.dll
0x00007ffeda980000 - 0x00007ffedb21b000 	C:\WINDOWS\SYSTEM32\windows.storage.dll
0x00007ffede9c0000 - 0x00007ffedeab9000 	C:\WINDOWS\System32\SHCORE.dll
0x00007ffedec90000 - 0x00007ffedecf6000 	C:\WINDOWS\System32\shlwapi.dll
0x00007ffedce30000 - 0x00007ffedce59000 	C:\WINDOWS\SYSTEM32\profapi.dll
0x00007ffecb700000 - 0x00007ffecb718000 	C:\Users\dell\AppData\Local\Programs\Eclipse Adoptium\jdk-17.0.20.8-hotspot\bin\zip.dll
0x00007ffeccf10000 - 0x00007ffeccf2a000 	C:\Users\dell\AppData\Local\Programs\Eclipse Adoptium\jdk-17.0.20.8-hotspot\bin\net.dll
0x00007ffed1320000 - 0x00007ffed1448000 	C:\WINDOWS\SYSTEM32\WINHTTP.dll
0x00007ffedc150000 - 0x00007ffedc1bc000 	C:\WINDOWS\system32\mswsock.dll
0x00007ffeccd90000 - 0x00007ffeccda6000 	C:\Users\dell\AppData\Local\Programs\Eclipse Adoptium\jdk-17.0.20.8-hotspot\bin\nio.dll
0x00007ffec8bd0000 - 0x00007ffec8be0000 	C:\Users\dell\AppData\Local\Programs\Eclipse Adoptium\jdk-17.0.20.8-hotspot\bin\verify.dll
0x00007ffeb8ab0000 - 0x00007ffeb8ad7000 	C:\Users\dell\.gradle\native\660c5614fbf4a5f2a75b1949f50a0caf5cd603558e7d8a26e50b933a0cfb79d1\windows-amd64\native-platform.dll
0x00007ffeaa7e0000 - 0x00007ffeaa857000 	C:\Users\dell\.gradle\native\0.2.8\x86_64-windows-gnu\gradle-fileevents.dll
0x00007ffecd9e0000 - 0x00007ffecd9ea000 	C:\Users\dell\AppData\Local\Programs\Eclipse Adoptium\jdk-17.0.20.8-hotspot\bin\management.dll
0x00007ffeccfa0000 - 0x00007ffeccfac000 	C:\Users\dell\AppData\Local\Programs\Eclipse Adoptium\jdk-17.0.20.8-hotspot\bin\management_ext.dll
0x00007ffede820000 - 0x00007ffede828000 	C:\WINDOWS\System32\PSAPI.DLL
0x00007ffedb620000 - 0x00007ffedb653000 	C:\WINDOWS\SYSTEM32\IPHLPAPI.DLL
0x00007ffedf7a0000 - 0x00007ffedf7aa000 	C:\WINDOWS\System32\NSI.dll
0x00007ffed5e30000 - 0x00007ffed5e4d000 	C:\WINDOWS\SYSTEM32\dhcpcsvc6.DLL
0x00007ffed5e00000 - 0x00007ffed5e25000 	C:\WINDOWS\SYSTEM32\dhcpcsvc.DLL
0x00007ffedb700000 - 0x00007ffedb858000 	C:\WINDOWS\SYSTEM32\DNSAPI.dll
0x00007ffedbf50000 - 0x00007ffedbf5d000 	C:\WINDOWS\SYSTEM32\DSPARSE.dll
0x00007ffecce00000 - 0x00007ffecce09000 	C:\Users\dell\AppData\Local\Programs\Eclipse Adoptium\jdk-17.0.20.8-hotspot\bin\extnet.dll
0x00007ffedc570000 - 0x00007ffedc58b000 	C:\WINDOWS\SYSTEM32\CRYPTSP.dll
0x00007ffedbb20000 - 0x00007ffedbb59000 	C:\WINDOWS\system32\rsaenh.dll
0x00007ffedc200000 - 0x00007ffedc232000 	C:\WINDOWS\SYSTEM32\USERENV.dll
0x00007ffedce00000 - 0x00007ffedce2a000 	C:\WINDOWS\SYSTEM32\bcrypt.dll
0x00007ffedc3b0000 - 0x00007ffedc3bc000 	C:\WINDOWS\SYSTEM32\CRYPTBASE.dll
0x00007ffec8920000 - 0x00007ffec892e000 	C:\Users\dell\AppData\Local\Programs\Eclipse Adoptium\jdk-17.0.20.8-hotspot\bin\sunmscapi.dll
0x00007ffedd5d0000 - 0x00007ffedd74e000 	C:\WINDOWS\System32\CRYPT32.dll
0x00007ffedc6e0000 - 0x00007ffedc710000 	C:\WINDOWS\SYSTEM32\ncrypt.dll
0x00007ffedc690000 - 0x00007ffedc6cf000 	C:\WINDOWS\SYSTEM32\NTASN1.dll
0x00007ffead610000 - 0x00007ffead618000 	C:\WINDOWS\system32\wshunix.dll

dbghelp: loaded successfully - version: 4.0.5 - missing functions: none
symbol engine: initialized successfully - sym options: 0x614 - pdb path: .;C:\Users\dell\AppData\Local\Programs\Eclipse Adoptium\jdk-17.0.20.8-hotspot\bin;C:\WINDOWS\SYSTEM32;C:\WINDOWS\WinSxS\amd64_microsoft.windows.common-controls_6595b64144ccf1df_6.0.26100.8972_none_3e0da176e32f9d4b;C:\Users\dell\AppData\Local\Programs\Eclipse Adoptium\jdk-17.0.20.8-hotspot\bin\server;C:\Users\dell\.gradle\native\660c5614fbf4a5f2a75b1949f50a0caf5cd603558e7d8a26e50b933a0cfb79d1\windows-amd64;C:\Users\dell\.gradle\native\0.2.8\x86_64-windows-gnu

VM Arguments:
jvm_args: --add-opens=java.base/java.lang=ALL-UNNAMED --add-opens=java.base/java.lang.invoke=ALL-UNNAMED --add-opens=java.base/java.util=ALL-UNNAMED --add-opens=java.prefs/java.util.prefs=ALL-UNNAMED --add-exports=jdk.compiler/com.sun.tools.javac.api=ALL-UNNAMED --add-exports=jdk.compiler/com.sun.tools.javac.util=ALL-UNNAMED --add-opens=java.base/java.util=ALL-UNNAMED --add-opens=java.prefs/java.util.prefs=ALL-UNNAMED --add-opens=java.base/java.nio.charset=ALL-UNNAMED --add-opens=java.base/java.net=ALL-UNNAMED --add-opens=java.base/java.util.concurrent=ALL-UNNAMED --add-opens=java.base/java.util.concurrent.atomic=ALL-UNNAMED --add-opens=java.xml/javax.xml.namespace=ALL-UNNAMED --add-opens=java.base/java.time=ALL-UNNAMED -XX:MaxMetaspaceSize=512m -Xmx2048m -Dfile.encoding=windows-1252 -Duser.country=US -Duser.language=en -Duser.variant -javaagent:C:\Users\dell\.gradle\wrapper\dists\gradle-9.3.1-bin\23ovyewtku6u96viwx3xl3oks\gradle-9.3.1\lib\agents\gradle-instrumentation-agent-9.3.1.jar 
java_command: org.gradle.launcher.daemon.bootstrap.GradleDaemon 9.3.1
java_class_path (initial): C:\Users\dell\.gradle\wrapper\dists\gradle-9.3.1-bin\23ovyewtku6u96viwx3xl3oks\gradle-9.3.1\lib\gradle-daemon-main-9.3.1.jar
Launcher Type: SUN_STANDARD

[Global flags]
     intx CICompilerCount                          = 4                                         {product} {ergonomic}
   size_t CompressedClassSpaceSize                 = 436207616                                 {product} {ergonomic}
     uint ConcGCThreads                            = 2                                         {product} {ergonomic}
     uint G1ConcRefinementThreads                  = 8                                         {product} {ergonomic}
   size_t G1HeapRegionSize                         = 1048576                                   {product} {ergonomic}
    uintx GCDrainStackTargetSize                   = 64                                        {product} {ergonomic}
   size_t InitialHeapSize                          = 264241152                                 {product} {ergonomic}
   size_t MarkStackSize                            = 4194304                                   {product} {ergonomic}
   size_t MaxHeapSize                              = 2147483648                                {product} {command line}
   size_t MaxMetaspaceSize                         = 536870912                                 {product} {command line}
   size_t MaxNewSize                               = 1287651328                                {product} {ergonomic}
   size_t MinHeapDeltaBytes                        = 1048576                                   {product} {ergonomic}
   size_t MinHeapSize                              = 8388608                                   {product} {ergonomic}
    uintx NonNMethodCodeHeapSize                   = 5839372                                {pd product} {ergonomic}
    uintx NonProfiledCodeHeapSize                  = 122909434                              {pd product} {ergonomic}
    uintx ProfiledCodeHeapSize                     = 122909434                              {pd product} {ergonomic}
    uintx ReservedCodeCacheSize                    = 251658240                              {pd product} {ergonomic}
     bool SegmentedCodeCache                       = true                                      {product} {ergonomic}
   size_t SoftMaxHeapSize                          = 2147483648                             {manageable} {ergonomic}
     bool UseCompressedClassPointers               = true                           {product lp64_product} {ergonomic}
     bool UseCompressedOops                        = true                           {product lp64_product} {ergonomic}
     bool UseG1GC                                  = true                                      {product} {ergonomic}
     bool UseLargePagesIndividualAllocation        = false                                  {pd product} {ergonomic}

Logging:
Log output configuration:
 #0: stdout all=warning uptime,level,tags
 #1: stderr all=off uptime,level,tags

Environment Variables:
JAVA_HOME=C:\Users\dell\AppData\Local\Programs\Eclipse Adoptium\jdk-17.0.20.8-hotspot
PATH=C:\Program Files\Java\jdk-17;C:\WINDOWS\system32;C:\WINDOWS;C:\WINDOWS\System32\Wbem;C:\WINDOWS\System32\WindowsPowerShell\v1.0\;C:\WINDOWS\System32\OpenSSH\;C:\Program Files\Git\cmd;C:\Program Files\MongoDB\Server\8.2\bin;C:\ProgramData\chocolatey\bin;C:\Users\dell\AppData\Local\Android\Sdk\platform-tools;C:\Program Files\nodejs\;C:\Users\dell\AppData\Local\Programs\Eclipse Adoptium\jdk-17.0.20.8-hotspot\bin;C:\Users\dell\AppData\Local\Programs\Python\Python314\Scripts\;C:\Users\dell\AppData\Local\Programs\Python\Python314\;C:\Users\dell\AppData\Local\Microsoft\WindowsApps;C:\MinGW\bin;C:\Users\dell\AppData\Local\Programs\Microsoft VS Code\bin;C:\Users\dell\AppData\Local\GitHubDesktop\bin;C:\Users\dell\AppData\Local\Programs\mongosh\;C:\Users\dell\AppData\Roaming\npm
USERNAME=dell
OS=Windows_NT
PROCESSOR_IDENTIFIER=Intel64 Family 6 Model 142 Stepping 12, GenuineIntel
TMP=C:\Users\dell\AppData\Local\Temp
TEMP=C:\Users\dell\AppData\Local\Temp



Periodic native trim disabled


---------------  S Y S T E M  ---------------

OS:
 Windows 11 , 64 bit Build 26100 (10.0.26100.9168)
OS uptime: 1 days 6:08 hours
Hyper-V role detected

CPU: total 8 (initial active 8) (4 cores per cpu, 2 threads per core) family 6 model 142 stepping 12 microcode 0x100, cx8, cmov, fxsr, ht, mmx, 3dnowpref, sse, sse2, sse3, ssse3, sse4.1, sse4.2, popcnt, lzcnt, tsc, tscinvbit, avx, avx2, aes, erms, clmul, bmi1, bmi2, adx, fma, vzeroupper, clflush, clflushopt, hv
Processor Information for processor 0
  Max Mhz: 2304, Current Mhz: 1803, Mhz Limit: 1797
Processor Information for processor 1
  Max Mhz: 2304, Current Mhz: 1502, Mhz Limit: 1797
Processor Information for processor 2
  Max Mhz: 2304, Current Mhz: 1502, Mhz Limit: 1797
Processor Information for processor 3
  Max Mhz: 2304, Current Mhz: 1502, Mhz Limit: 1797
Processor Information for processor 4
  Max Mhz: 2304, Current Mhz: 1502, Mhz Limit: 1797
Processor Information for processor 5
  Max Mhz: 2304, Current Mhz: 1502, Mhz Limit: 1797
Processor Information for processor 6
  Max Mhz: 2304, Current Mhz: 1502, Mhz Limit: 1797
Processor Information for processor 7
  Max Mhz: 2304, Current Mhz: 1502, Mhz Limit: 1797

Memory: 4k page, system-wide physical 16049M (4009M free)
TotalPageFile size 46414M (AvailPageFile size 0M)
current process WorkingSet (physical memory assigned to process): 573M, peak: 603M
current process commit charge ("private bytes"): 635M, peak: 662M

vm_info: OpenJDK 64-Bit Server VM (17.0.20+8) for windows-amd64 JRE (17.0.20+8), built on Jul 22 2026 00:41:45 by "admin" with MS VC++ 17.12 (VS2022)

END.
